H_key,Line,species,weight,estimated,num_caught,num_per_kg,year,month,day,set_num,stat_area,sub_area,start_lat_deg,start_lat_min,start_long_deg,start_long_min,min_depth,max_depth,depth_unit,soaktime
1329,3,4TA,1,TRUE,,,1980,2,10,24,12,45,,,,,16,16,F,20
1610,2,4TA,0.100000001,TRUE,1,,1977,6,24,12,12,40,,,,,40,40,F,20
1666,4,4TA,0.100000001,TRUE,4,,1977,10,19,28,12,37,,,,,48,49,F,20
2285,3,4TC,6,TRUE,,,1980,3,3,6,2,10,,,,,50,65,F,6
2341,3,4TC,4,TRUE,,,1980,3,14,62,2,12,,,,,34,35,F,6
2957,3,4TC,,TRUE,,,1982,11,9,1,23,2,,,,,35,45,F,48
3579,5,4TA,,TRUE,3,,1975,10,8,86,5,17,53,15.5,129,47.20000076,30,35,F,19
3635,8,4TA,,TRUE,1,,1975,10,24,142,6,3,53,28,128,52.40000153,50,50,F,14
3915,9,4TA,,TRUE,3,,1974,12,19,169,8,8,52,36,127,7.199999809,22,36,F,17
3971,12,4TA,,TRUE,1,,1975,1,24,225,8,7,52,24.5,127,19.20000076,23,44,F,16
4027,4,4TA,0.100000001,TRUE,1,,1975,2,11,281,7,9,52,28.29999924,128,20.89999962,15,34,F,20
67248,3,4XE,0.389999986,FALSE,1,3,2019,11,6,3,28,4,49,34.7140007,123,18.85400009,72,95,M,19
67260,7,4XE,0.389999986,FALSE,1,3,2019,11,7,15,28,1,49,24.97800064,123,19.4659996,55,70,M,18
67274,5,4XE,0.039999999,FALSE,1,25,2019,11,10,29,28,1,49,26.04400063,123,22.50099945,64,83,M,21
53997,1,4XE,1.639999986,FALSE,1,1,2015,11,9,38,28,3,49,28.22100067,123,27.63500023,78,106,M,21
59706,1,4XE,0.25999999,FALSE,1,4,2018,2,9,2,28,4,49,31.69599915,123,17.1970005,62,84,M,24
59728,1,4XE,0.349999994,FALSE,1,3,2018,2,12,24,28,1,49,25.13100052,123,19.3029995,56,68,M,24
57688,2,4XE,0.819999993,FALSE,4,5,2017,2,13,29,28,2,49,24.87299919,123,18.4810009,64,83,M,21
64631,2,4XE,0.589999974,FALSE,,,2019,2,9,23,28,1,49,26.86300087,123,24.11199951,71,90,M,17
64634,5,4XE,0.600000024,FALSE,1,2,2019,2,10,26,28,1,49,24.34700012,123,29.67200089,61,74,M,24
64641,2,4XE,1.230000019,FALSE,1,1,2019,2,11,33,28,1,49,24.46500015,123,23.34000015,41,115,M,22
51156,3,4XE,0.529999971,FALSE,1,2,2015,2,11,44,28,3,49,32.4129982,123,26.13199997,58,130,M,19
20801,3,4XE,0.699999988,FALSE,1,1,2003,10,29,1,28,2,49,20.5510006,123,17.97299957,62,80,M,25
20805,3,4XE,2,FALSE,,,2003,10,29,5,28,2,49,27.04100037,123,18.80599976,60,80,M,18
20807,6,4XE,0.300000012,FALSE,1,3,2003,10,29,7,28,2,49,25.44099998,123,14.14999962,66,94,M,14
20808,1,4XE,0.01,FALSE,1,100,2003,10,30,8,28,2,49,23.37299919,123,15.6260004,60,85,M,24
20815,4,4XE,0.699999988,FALSE,1,1,2003,10,31,15,28,1,49,26.16200066,123,21.09399986,62,87,M,25
20821,2,4XE,0.600000024,FALSE,1,2,2003,10,31,21,28,1,49,26.38299942,123,22.60199928,82,91,M,21
20823,1,4XE,0.300000012,FALSE,1,3,2003,11,1,23,28,3,49,31.72100067,123,23.7310009,51,76,M,28
20829,2,4XE,0.280000001,FALSE,,,2003,11,2,29,28,1,49,24.94499969,123,19.58600044,48,57,M,22
20837,1,4XE,0.200000003,FALSE,1,5,2003,11,3,37,28,4,49,31.74300003,123,17.18499947,70,90,M,25
20847,3,4XE,0.100000001,FALSE,1,10,2003,11,4,47,28,1,49,23.24200058,123,27.22200012,72,94,M,18
20849,5,4XE,1.200000048,FALSE,1,1,2003,11,4,49,28,1,49,23.9829998,123,25.62700081,60,86,M,17
24798,3,4XE,0.600000024,FALSE,1,2,2004,11,17,52,28,2,49,32.24300003,123,19.70100021,67,90,M,24
24808,2,4XE,0.899999976,FALSE,2,2,2004,11,10,6,28,1,49,26.78899956,123,24.07799911,78,95,M,17
24809,1,4XE,11.69999981,FALSE,4,0,2004,11,10,7,28,3,49,27.11300087,123,26.81200027,35,53,M,23
24813,1,4XE,1.700000048,FALSE,1,1,2004,11,11,11,28,1,49,24.19000053,123,23.61700058,60,87,M,22
24814,1,4XE,4.5,FALSE,2,0,2004,11,11,12,28,1,49,26.38299942,123,22.60199928,75,85,M,19
24817,2,4XE,0.699999988,FALSE,1,1,2004,11,12,15,28,1,49,24.8409996,123,21.72999954,63,83,M,23
24818,1,4XE,2.599999905,FALSE,2,1,2004,11,12,16,28,1,49,24.95999908,123,19.9829998,45,65,M,21
24830,1,4XE,1.600000024,FALSE,1,1,2004,11,13,28,28,2,49,25.19199944,123,14.22399998,66,85,M,19
24833,2,4XE,0.209999993,FALSE,1,5,2004,11,14,31,28,4,49,31.65299988,123,17.11300087,75,90,M,26
24837,1,4XE,3.299999952,FALSE,2,1,2004,11,14,35,28,3,49,31.38500023,123,26.11599922,60,81,M,17
24838,3,4XE,0.699999988,FALSE,1,1,2004,11,15,36,28,3,49,31.74600029,123,23.79299927,75,90,M,25
24841,1,4XE,0.219999999,FALSE,1,5,2004,11,15,39,28,4,49,32.61700058,123,14.93400002,72,92,M,22
25583,5,4XE,2.599999905,FALSE,,,2005,2,17,15,28,4,49,34.67300034,123,19.06299973,74,92,M,20
25590,2,4XE,1.100000024,FALSE,,,2005,2,18,22,28,1,49,24.30500031,123,29.68000031,67,77,M,16
25596,2,4XE,1.600000024,FALSE,1,1,2005,2,19,28,28,2,49,23.32999992,123,15.66499996,75,87,M,19
25597,1,4XE,1.600000024,FALSE,1,1,2005,2,20,29,28,1,49,24.72500038,123,26.80500031,57,80,M,0
25601,2,4XE,1.799999952,FALSE,,,2005,2,20,33,28,3,49,27.2840004,123,26.99399948,35,62,M,
25603,1,4XE,6.800000191,FALSE,3,0,2005,2,21,35,28,1,49,24.22200012,123,25.64599991,60,85,M,25
25606,1,4XE,3.5,FALSE,2,1,2005,2,21,38,28,1,49,24.97699928,123,19.92200089,62,85,M,21
25617,1,4XE,0.899999976,FALSE,1,1,2005,2,23,49,28,1,49,26.38299942,123,22.60199928,64,84,M,22
25618,1,4XE,0.050000001,FALSE,,,2005,2,23,50,28,1,49,23.22599983,123,27.14800072,77,90,M,19
25619,1,4XE,0.400000006,FALSE,1,2,2005,2,23,51,28,1,49,22.24699974,123,28.95700073,60,73,M,1
21140,2,4XE,1.289999962,FALSE,1,1,2004,2,15,21,28,2,49,29.15099907,123,19.7140007,62,85,M,22
21141,3,4XE,0.300000012,FALSE,,,2004,2,15,22,28,2,49,29.88800049,123,15.02999973,71,95,M,20
21144,1,4XE,0.889999986,FALSE,1,1,2004,2,15,25,28,3,49,31.86899948,123,23.53800011,52,78,M,19
21146,3,4XE,1,FALSE,2,2,2004,2,16,27,28,2,49,32.56600189,123,19.3220005,87,95,M,27
21154,2,4XE,0.639999986,FALSE,1,2,2004,2,17,35,28,1,49,24.12999916,123,25.59799957,63,90,M,27
21156,3,4XE,1.100000024,FALSE,1,1,2004,2,17,37,28,3,49,27.30200005,123,26.98399925,40,58,M,18
21157,2,4XE,0.680000007,FALSE,1,1,2004,2,17,38,28,1,49,26.38299942,123,22.60199928,66,87,M,20
21182,2,4XE,2.299999952,FALSE,1,0,2004,2,18,43,28,1,49,24.73200035,123,26.75300026,55,75,M,22
21183,1,4XE,0.680000007,FALSE,1,1,2004,2,18,44,28,1,49,26.38299942,123,22.60199928,65,88,M,22
21184,1,4XE,0.25999999,FALSE,1,4,2004,2,18,45,28,1,49,23.30400085,123,27.56900024,87,92,M,24
21189,2,4XE,5.199999809,FALSE,2,0,2004,2,19,50,28,3,49,27.19000053,123,26.9829998,65,83,M,18
27639,2,4XE,2.5,FALSE,1,0,2005,11,16,7,28,2,49,27.1760006,123,18.78000069,58,77,M,20
27640,3,4XE,0.5,FALSE,1,2,2005,11,17,8,28,1,49,24.95700073,123,19.9489994,45,70,M,24
27642,1,4XE,5.300000191,FALSE,1,0,2005,11,17,10,28,2,49,23.15500069,123,15.82800007,70,82,M,22
27653,2,4XE,2.700000048,FALSE,2,1,2005,11,18,21,28,1,49,26.82900047,123,24.04299927,74,90,M,22
27661,4,4XE,0.400000006,FALSE,1,2,2005,11,20,29,28,3,49,31.70999908,123,23.84600067,61,76,M,25
27663,2,4XE,3.799999952,FALSE,1,0,2005,11,20,31,28,2,49,32.5359993,123,19.34700012,85,90,M,26
27664,2,4XE,1.399999976,FALSE,1,1,2005,11,20,32,28,4,49,34.68000031,123,19.02099991,76,91,M,23
27665,2,4XE,1.200000048,FALSE,1,1,2005,11,20,33,28,4,49,32.61600113,123,14.93400002,78,98,M,27
27679,2,4XE,0.25,FALSE,1,4,2005,11,22,47,28,3,49,32.18500137,123,22.85199928,70,95,M,22
27683,4,4XE,1.799999952,FALSE,1,1,2005,11,22,51,28,3,49,27.2840004,123,26.99399948,38,51,M,24
27698,1,4XE,0.01,FALSE,1,100,2005,11,24,66,28,1,49,20.91399956,123,27.00099945,66,91,M,20
27698,3,4TG,0.01,FALSE,1,100,2005,11,24,66,28,1,49,20.91399956,123,27.00099945,66,91,M,20
27737,4,4XE,0.280000001,FALSE,1,4,2006,3,4,2,28,2,49,29.90299988,123,15.02700043,72,93,M,21
27739,3,4XE,1,FALSE,1,1,2006,3,4,4,28,4,49,32.61700058,123,14.93400002,70,92,M,19
27748,2,4XE,2.299999952,FALSE,1,0,2006,3,5,13,28,2,49,29.11400032,123,19.61599922,64,87,M,23
27751,2,4XE,1.830000043,FALSE,1,1,2006,3,6,16,28,3,49,33.49300003,123,22.78700066,74,91,M,22
27755,1,4XE,4.199999809,FALSE,3,1,2006,3,6,20,28,1,49,26.40699959,123,22.58399963,76,88,M,22
27757,1,4XE,3.799999952,FALSE,2,1,2006,3,7,22,28,3,49,27.08600044,123,26.60099983,62,88,M,24
27762,2,4XE,1.860000014,FALSE,3,2,2006,3,7,27,28,1,49,24.95700073,123,19.9489994,47,68,M,20
27763,2,4XE,1.350000024,FALSE,1,1,2006,3,7,28,28,2,49,25.24500084,123,14.25300026,64,83,M,24
27765,2,4XE,0.400000006,FALSE,1,2,2006,3,8,30,28,1,49,24.28000069,123,23.38199997,64,87,M,25
27770,2,4XE,0.100000001,FALSE,1,10,2006,3,8,35,28,2,49,23.32999992,123,15.66499996,72,86,M,24
27771,2,4XE,5.300000191,FALSE,4,1,2006,3,9,36,28,1,49,24.12000084,123,29.78800011,60,80,M,24
27773,1,4XE,1.299999952,FALSE,3,2,2006,3,9,38,28,1,49,23.22599983,123,27.14800072,76,92,M,22
27775,1,4XE,1.399999976,FALSE,1,1,2006,3,9,40,28,1,49,26.08099937,123,21.24399948,72,92,M,25
27778,2,4XE,0.5,FALSE,1,2,2006,3,10,43,28,1,49,24.72500038,123,26.80500031,54,74,M,24
29911,3,4XE,2.400000095,FALSE,1,0,2006,11,9,2,28,1,49,23.29599953,123,27.66200066,72,101,M,19
29914,1,4XE,0.5,FALSE,1,2,2006,11,9,5,28,1,49,26.20100021,123,20.99799919,67,98,M,21
29917,1,4XE,4.199999809,FALSE,3,1,2006,11,10,8,28,1,49,24.10199928,123,29.77799988,60,74,M,25
29918,1,4XE,1,FALSE,2,2,2006,11,10,9,28,1,49,24.31699944,123,25.76000023,65,80,M,24
29923,2,4XE,2.200000048,FALSE,3,1,2006,11,10,14,28,3,49,32.31399918,123,26.73999977,55,89,M,22
29930,1,4XE,0.600000024,FALSE,1,2,2006,11,11,21,28,2,49,32.44120026,123,19.52899933,49,77,M,23
29934,2,4XE,2.5,FALSE,1,0,2006,11,12,25,28,4,49,34.77399826,123,18.66900063,56,72,M,24
29946,1,4XE,1.299999952,FALSE,1,1,2006,11,13,37,28,2,49,23.29999924,123,15.69400024,60,82,M,24
29950,7,4XE,2.599999905,FALSE,1,0,2006,11,14,41,28,2,49,24.9260006,123,18.37800026,63,94,M,21
29956,5,4XE,12.26000023,FALSE,6,0,2006,11,16,47,28,3,49,28.05500031,123,27.5170002,58,97,M,41
29989,1,4XE,5.5,FALSE,2,0,2007,2,15,3,28,1,49,24.2840004,123,23.37599945,65,93,M,19
29993,1,4XE,0.600000024,FALSE,1,2,2007,2,15,7,28,2,49,31.89500046,123,22.31599998,72,91,M,21
29995,1,4XE,1.940000057,FALSE,1,1,2007,2,16,9,28,1,49,26.58499908,123,22.4829998,62,85,M,25
29996,1,4XE,0.200000003,FALSE,1,5,2007,2,16,10,28,1,49,26.97200012,123,23.93799973,66,95,M,22
30007,2,4XE,2.700000048,FALSE,1,0,2007,2,17,21,28,1,49,24.79100037,123,26.79000092,55,75,M,24
30008,1,4XE,1.129999995,FALSE,1,1,2007,2,18,22,28,1,49,24.1060009,123,29.77799988,62,73,M,24
30013,1,4XE,0.430000007,FALSE,3,7,2007,2,18,27,28,1,49,24.31200027,123,25.73699951,55,81,M,24
30017,3,4XE,1.480000019,FALSE,3,2,2007,2,19,31,28,2,49,23.28199959,123,15.70800018,70,85,M,23
30033,2,4XE,1.50999999,FALSE,2,1,2007,2,21,47,28,4,49,33.43099976,123,18.81100082,50,92,M,22
30036,3,4XE,1.269999981,FALSE,2,2,2007,2,22,50,28,2,49,25.21999931,123,18.62100029,67,92,M,20
32009,1,4XE,0.300000012,FALSE,1,3,2007,11,9,9,28,2,49,30.04199982,123,15.07299995,70,95,M,23
32019,2,4XE,0.449999988,FALSE,1,2,2007,11,10,19,28,3,49,31.73699951,123,23.79899979,83,95,M,20
32020,2,4XE,1.200000048,FALSE,1,1,2007,11,10,20,28,3,49,30.84900093,123,29.36300087,75,106,M,19
32023,2,4XE,3.150000095,FALSE,1,0,2007,11,11,23,28,3,49,32.31900024,123,26.73900032,64,95,M,26
32030,1,4XE,2.400000095,FALSE,1,0,2007,11,12,30,28,3,49,27.49799919,123,28.1079998,80,87,M,28
32031,2,4XE,4.400000095,FALSE,2,0,2007,11,12,31,28,1,49,24.77499962,123,26.79800034,72,81,M,26
32032,2,4XE,1.700000048,FALSE,1,1,2007,11,12,32,28,1,49,24.31900024,123,25.76000023,65,87,M,24
32033,1,4XE,2.900000095,FALSE,1,0,2007,11,12,33,28,1,49,24.27599907,123,23.39299965,65,105,M,23
32035,1,4XE,3.900000095,FALSE,,,2007,11,13,36,28,2,49,23.28899956,123,15.68799973,72,84,M,42
34330,1,4XE,1.200000048,FALSE,5,4,2008,11,12,1,17,6,48,55.39799881,123,37.79499817,57,67,M,20
34288,5,4XE,1.5,FALSE,2,1,2008,11,5,4,28,2,49,27.41300011,123,18.80800056,60,70,M,19
34290,2,4XE,1.120000005,FALSE,1,1,2008,11,5,6,28,2,49,30.26799965,123,15.33600044,62,105,M,21
34292,4,4XE,0.100000001,FALSE,1,10,2008,11,6,8,28,2,49,20.62800026,123,18.0510006,57,74,M,24
34292,5,4TA,0.039999999,FALSE,1,25,2008,11,6,8,28,2,49,20.62800026,123,18.0510006,57,74,M,24
34294,4,4XE,0.200000003,FALSE,1,5,2008,11,6,10,28,1,49,24.94199944,123,19.71699905,45,55,M,29
34295,1,4XE,0.449999988,FALSE,1,2,2008,11,6,11,28,2,49,29.29400063,123,19.82999992,69,86,M,24
34304,1,4XE,1.600000024,FALSE,1,1,2008,11,7,20,28,1,49,26.22299957,123,20.90600014,60,75,M,19
34305,4,4XE,2.299999952,FALSE,1,0,2008,11,7,21,28,2,49,24.87800026,123,18.44400024,62,88,M,17
34306,2,4XE,3.599999905,FALSE,,,2008,11,8,22,28,2,49,25.10700035,123,14.19200039,80,85,M,24
34309,2,4XE,1.5,FALSE,,,2008,11,8,25,28,3,49,32.36000061,123,26.59799957,64,96,M,25
34310,4,4XE,0.699999988,FALSE,1,1,2008,11,8,26,28,3,49,33.51300049,123,23.05200005,77,88,M,25
34314,2,4XE,2.039999962,FALSE,1,0,2008,11,9,30,28,1,49,24.69099998,123,26.59199905,62,75,M,22
34315,7,4XE,1.399999976,FALSE,,,2008,11,9,31,28,3,49,26.90800095,123,26.79500008,65,95,M,23
34320,1,4XE,1,FALSE,1,1,2008,11,10,36,28,1,49,24.09900093,123,29.76399994,66,75,M,29
34322,1,4XE,1.5,FALSE,1,1,2008,11,10,38,28,3,49,31.68799973,123,23.97200012,55,67,M,24
34329,3,4XE,1.799999952,FALSE,2,1,2008,11,11,45,28,1,49,23.32500076,123,27.59900093,70,100,M,19
34336,1,4XE,0.860000014,FALSE,1,1,2008,11,13,7,17,5,48,59.27700043,123,44.57899857,56,67,M,18
34449,1,4XE,1.799999952,FALSE,1,1,2009,2,11,1,28,1,49,23.21299934,123,27.20000076,90,95,M,23
34452,2,4XE,4.400000095,FALSE,2,0,2009,2,11,4,28,1,49,24.99500084,123,19.62700081,75,90,M,24
34467,1,4XE,1.399999976,FALSE,1,1,2009,2,13,19,28,4,49,34.72600174,123,18.74600029,85,93,M,26
34470,1,4XE,0.230000004,FALSE,2,9,2009,2,13,22,28,2,49,23.34700012,123,15.68400002,70,87,M,17
34482,1,4XE,0.800000012,FALSE,1,1,2009,2,15,34,28,1,49,26.79800034,123,24.09300041,87,94,M,20
34483,1,4XE,1.899999976,FALSE,1,1,2009,2,15,35,28,1,49,24.33699989,123,25.79899979,72,80,M,18
34485,1,4XE,0.829999983,FALSE,1,1,2009,2,16,37,28,3,49,26.04500008,123,27.31699944,82,87,M,22
34488,1,4XE,1.600000024,FALSE,1,1,2009,2,16,40,28,3,49,31.7140007,123,23.9109993,78,88,M,21
34495,5,4XE,0.109999999,FALSE,1,9,2009,2,18,47,17,6,48,55.43299866,123,37.8409996,58,65,M,24
34497,4,4XE,2.099999905,FALSE,1,0,2009,2,18,49,17,6,48,55.9659996,123,39.82400131,52,90,M,21
34500,1,4XE,0.699999988,FALSE,1,1,2009,2,18,52,17,6,48,56.31999969,123,43.40499878,54,60,M,18
41763,1,4XE,1.049999952,FALSE,,,2010,11,10,42,28,3,49,27.50699997,123,28.08699989,83,105,M,17
41766,1,4XE,5.789999962,FALSE,,,2010,11,11,45,28,3,49,28.21999931,123,27.65500069,55,95,M,24
41769,2,4XE,0.230000004,FALSE,,,2010,11,11,48,28,1,49,26.7329998,123,19.58099937,41,90,M,20
41770,1,4XE,3.680000067,FALSE,,,2010,11,11,49,28,1,49,24.3579998,123,29.66600037,54,75,M,15
41776,1,4XE,1.399999976,FALSE,,,2010,11,5,4,28,1,49,25.10499954,123,19.34199905,79,90,M,21
41784,2,4XE,0.5,FALSE,,,2010,11,6,12,28,2,49,29.13800049,123,19.66900063,60,112,M,23
41786,1,4XE,0.109999999,FALSE,,,2010,11,6,14,28,2,49,27.57299995,123,14.6590004,70,85,M,20
41787,1,4XE,0.519999981,FALSE,,,2010,11,7,15,28,1,49,25.03000069,123,19.46899986,45,80,M,30
41794,1,4XE,0.200000003,FALSE,,,2010,11,8,22,28,2,49,31.94000053,123,22.35899925,72,95,M,25
41795,1,4XE,0.879999995,FALSE,,,2010,11,8,23,28,2,49,32.26399994,123,19.6970005,60,83,M,25
41796,1,4XE,3.5,FALSE,,,2010,11,8,24,28,4,49,32.61600113,123,14.89599991,68,108,M,26
41797,1,4XE,1.399999976,FALSE,,,2010,11,8,25,28,2,49,29.96199989,123,15.07499981,70,94,M,23
41798,1,4XE,0.370000005,FALSE,,,2010,11,8,26,28,2,49,25.15299988,123,14.19999981,54,84,M,19
41807,1,4XE,0.109999999,FALSE,,,2010,11,9,35,28,4,49,34.7859993,123,18.60499954,75,95,M,17
37010,2,4XE,0.680000007,FALSE,1,1,2010,2,5,23,28,2,49,32.27099991,123,19.6760006,68,87,M,27
37016,1,4XE,1.860000014,FALSE,2,1,2010,2,6,29,28,4,49,32.70000076,123,14.85900021,62,86,M,21
37023,1,4XE,0.439999998,FALSE,2,5,2010,2,7,36,28,3,49,33.49100113,123,22.97400093,81,95,M,21
37025,2,4XE,0.519999981,FALSE,1,2,2010,2,7,38,28,3,49,31.72500038,123,23.77000046,47,70,M,21
37031,1,4XE,0.75999999,FALSE,,,2010,2,2,4,28,1,49,25.10899925,123,19.32999992,68,92,M,24
37032,1,4XE,0.5,FALSE,,,2010,2,2,5,28,1,49,24.84700012,123,21.69099998,62,89,M,19
37035,2,4XE,4.699999809,FALSE,2,0,2010,2,3,8,28,1,49,24.28100014,123,25.74900055,66,74,M,0
37037,2,4XE,1,FALSE,1,1,2010,2,3,10,28,2,49,27.80800056,123,18.70299911,56,80,M,23
46741,1,4XE,1.269999981,FALSE,1,1,2013,2,6,6,28,4,49,34.81600189,123,18.67399979,58,74,M,20
46743,1,4XE,2.549999952,FALSE,1,0,2013,2,7,8,28,4,49,34.78099823,123,18.63100052,78,87,M,26
46746,1,4XE,0.059999999,FALSE,1,17,2013,2,7,11,28,1,49,24.97500038,123,19.47999954,52,64,M,18
46757,1,4XE,1.75,FALSE,1,1,2013,2,9,22,28,3,49,33.44800186,123,23.44300079,71,91,M,23
46768,3,4XE,1.639999986,FALSE,1,1,2013,2,11,33,28,2,49,20.91900063,123,20.4279995,66,100,M,24
46769,2,4XE,0.519999981,FALSE,1,2,2013,2,11,34,28,1,49,26.06500053,123,22.50499916,56,86,M,25
46771,1,4XE,0.170000002,FALSE,1,6,2013,2,11,36,28,2,49,27.54199982,123,14.64500046,82,106,M,21
46772,1,4XE,3.869999886,FALSE,2,1,2013,2,11,37,28,2,49,23.31599998,123,15.69099998,67,82,M,19
46776,1,4XE,1.480000019,FALSE,2,1,2013,2,12,41,28,1,49,24.13800049,123,25.62700081,69,81,M,22
46778,1,4XE,0.899999976,FALSE,1,1,2013,2,12,43,28,3,49,27.54899979,123,28.06399918,116,117,M,20
46780,1,4XE,1.519999981,FALSE,1,1,2013,2,13,45,28,1,49,24.75,123,26.7670002,63,74,M,21
46781,1,4XE,1,FALSE,1,1,2013,2,13,46,28,1,49,24.32900047,123,29.69799995,61,71,M,19
19052,4,4XE,0.200000003,TRUE,1,5,2003,3,2,35,28,3,49,31.86300087,123,23.64999962,74,90,M,22
19059,1,4XE,0.5,TRUE,1,2,2003,3,3,42,28,1,49,26.82999992,123,24.22599983,78,94,M,23
19060,3,4XE,0.600000024,TRUE,1,2,2003,3,3,43,28,1,49,26.42000008,123,22.56100082,76,92,M,21
19061,2,4XE,1,TRUE,1,1,2003,3,3,44,28,1,49,25.97599983,123,21.39999962,76,92,M,20
18620,1,4XE,,FALSE,1,,2002,12,20,20,19,8,48,39.28099823,123,32.15000153,24,42,F,26
19034,1,4XE,0.5,TRUE,1,2,2003,2,27,17,28,2,49,29.88400078,123,15.02700043,67,87,M,21
19042,3,4XE,0.699999988,TRUE,1,1,2003,3,1,25,28,2,49,30.9489994,123,21.00900078,85,98,M,25
19043,5,4XE,1,TRUE,1,1,2003,3,1,26,28,2,49,32.22399902,123,19.70899963,61,90,M,23
19046,3,4XE,0.5,TRUE,1,2,2003,3,1,29,28,3,49,31.91699982,123,23.50099945,55,84,M,20
18171,2,4TA,,FALSE,,,2002,6,27,12,17,11,49,12.60200024,123,46.0890007,30,60,F,24
18352,3,4XE,36.5,FALSE,,,2002,6,27,1,12,39,50,43.79499817,126,36.30199814,55,65,M,19
18379,4,4XE,1.325000048,FALSE,4,3,2002,7,1,24,11,3,51,3.042999983,127,19.70299911,31,42,M,17
18381,3,4XE,2.444999933,FALSE,3,1,2002,7,1,25,11,9,51,2.176000118,127,19.04000092,33,65,M,12
18382,1,4XE,1.320000052,FALSE,5,4,2002,7,1,26,11,9,51,1.536000013,127,19.04000092,20,30,M,12
18386,2,4XE,0.620000005,FALSE,2,3,2002,7,2,34,11,5,51,9.762999535,127,28.13299942,24,31,M,14
18440,2,4XE,0.5,FALSE,1,2,2002,10,24,14,28,3,49,31.79000092,123,23.62999916,51,77,M,26
18450,3,4XE,1,FALSE,1,1,2002,10,25,24,28,1,49,24.26000023,123,29.76499939,65,75,M,15
18455,6,4XE,1,FALSE,1,1,2002,10,26,29,28,2,49,25.28000069,123,14.22999954,62,90,M,16
18457,1,4XE,2.900000095,FALSE,1,0,2002,10,27,31,28,1,49,24.94000053,123,19.60000038,50,65,M,31
18458,1,4XE,0.899999976,FALSE,1,1,2002,10,27,32,28,1,49,25.98999977,123,21.39999962,62,87,M,28
18459,1,4XE,0.800000012,FALSE,1,1,2002,10,27,33,28,1,49,26.38999939,123,22.59000015,75,93,M,26
18464,6,4XE,2.5,FALSE,,,2002,10,28,38,28,1,49,24.98999977,123,19.67000008,66,87,M,20
18470,3,4XE,0.600000024,FALSE,1,2,2002,10,29,44,28,1,49,24.20000076,123,23.60000038,65,80,M,20
18504,1,4XE,,FALSE,2,,2002,11,29,4,13,12,50,13.77000046,125,7.169000149,40,42,F,22
18505,1,4XE,,FALSE,14,,2002,11,29,5,13,12,50,13.94699955,125,7.414000034,40,50,F,21
18506,1,4XE,,FALSE,8,,2002,11,29,6,13,12,50,13.46399975,125,8.079000473,40,50,F,22
18508,1,4XE,,FALSE,1,,2002,11,30,2,13,13,50,7.592999935,125,10.24499989,52,68,F,18
18511,1,4XE,,FALSE,1,,2002,11,30,5,13,13,50,7.744999886,125,11.28100014,34,42,F,20
18512,1,4XE,,FALSE,2,,2002,11,30,6,13,13,50,7.369999886,125,12.42000008,36,38,F,20
18513,1,4XE,,FALSE,3,,2002,11,30,1,17,9,48,52.29999924,123,34.93000031,35,45,F,22
18514,1,4XE,,FALSE,4,,2002,11,30,2,17,9,48,51.72000122,123,33.70000076,35,45,F,24
18515,1,4XE,,FALSE,3,,2002,11,30,3,17,9,48,50.93999863,123,35.5,30,40,F,28
18516,1,4XE,,FALSE,5,,2002,11,30,4,17,9,48,51.24000168,123,33.97000122,35,45,F,26
16817,2,4XE,1.299999952,FALSE,1,1,2002,2,22,20,28,4,49,34.79999924,123,18.64999962,66,71,M,18
16823,2,4XE,0.800000012,FALSE,,,2002,2,24,35,28,3,49,31.90999985,123,23.51000023,51,68,M,22
16824,2,4XE,2,FALSE,5,2,2002,2,25,41,28,3,49,27.54999924,123,28.20000076,76,92,M,22
16825,2,4XE,1.700000048,FALSE,2,1,2002,2,25,42,28,1,49,24.11000061,123,29.86000061,68,77,M,15
16828,1,4XE,1.299999952,FALSE,,,2002,2,26,44,28,3,49,27.23999977,123,27.02000046,70,88,M,21
16832,2,4XE,2.599999905,FALSE,1,0,2002,2,23,27,28,2,49,28.87000084,123,14.90999985,58,78,M,23
16833,1,4XE,0.5,FALSE,,,2002,2,23,28,28,2,49,28.87000084,123,14.90999985,69,90,M,20
16834,1,4XE,2.200000048,FALSE,,,2002,2,23,29,28,2,49,25.42000008,123,14.90999985,68,75,M,18
16837,4,4XE,0.699999988,FALSE,,,2002,2,24,32,28,2,49,29.34000015,123,19.87000084,68,80,M,18
16838,3,4XE,1.799999952,FALSE,2,1,2002,2,24,33,28,2,49,30.98999977,123,21.04999924,69,80,M,18
16844,3,4XE,3.200000048,FALSE,2,1,2002,2,26,46,28,3,49,26.72999954,123,26.76000023,72,80,M,19
16489,4,4XE,0.699999988,FALSE,,,2001,10,31,2,28,2,49,20.62000084,123,18.72999954,74,89,M,17
16497,2,4XE,2.400000095,FALSE,,,2001,11,1,10,28,1,49,26.88999939,123,24.04999924,71,82,M,21
16498,6,4XE,5.5,FALSE,,,2001,11,1,11,28,3,49,26.97999954,123,26.71999931,47,56,M,20
16499,2,4XE,2.900000095,FALSE,,,2001,11,1,12,28,3,49,27.23999977,123,27.02000046,76,83,M,21
16502,2,4XE,1.399999976,FALSE,,,2001,11,2,15,28,2,49,32.04000092,123,19.72999954,71,90,M,20
16508,1,4XE,0.400000006,FALSE,,,2001,11,3,21,28,2,49,29.30999947,123,19.87000084,65,78,M,22
16509,1,4XE,0.800000012,FALSE,,,2001,11,3,22,28,2,49,27.32999992,123,18.80999947,66,90,M,21
16510,1,4XE,0.800000012,FALSE,,,2001,11,3,23,28,2,49,25.47999954,123,14.09000015,66,81,M,20
16522,2,4XE,1.200000048,FALSE,,,2001,11,5,35,28,3,49,27.62999916,123,28.72999954,73,82,M,18
16523,5,4XE,0.600000024,FALSE,,,2001,11,6,36,28,1,49,23.29999924,123,27.13999939,73,91,M,19
16525,5,4XE,2.299999952,FALSE,,,2001,11,6,38,28,1,49,24.63999939,123,26.45999908,68,74,M,18
16526,4,4XE,2.5,FALSE,,,2001,11,6,39,28,1,49,23.90999985,123,29.63999939,69,78,M,17
16806,2,4XE,2.900000095,FALSE,1,0,2002,2,20,8,28,2,49,24.87000084,123,18.45999908,68,81,M,22
15074,3,4XE,1.399999976,FALSE,,,2001,2,22,14,28,2,49,29.95999908,123,15.02000046,55,77,M,19
15081,6,4XE,2,FALSE,,,2001,2,24,21,28,3,49,27.31999969,123,27,60,75,M,20
15082,1,4XE,1.5,FALSE,,,2001,2,24,22,28,3,49,27.15999985,123,26.86000061,41,56,M,20
15084,3,4XE,0.5,FALSE,,,2001,2,24,24,28,1,49,23.89999962,123,25.73999977,60,78,M,23
15086,3,4XE,1,FALSE,,,2001,2,24,26,28,1,49,23.90999985,123,29.73999977,62,70,M,18
15087,4,4XE,1.5,FALSE,,,2001,2,25,27,28,1,49,23.20000076,123,27.37000084,70,89,M,18
15088,3,4XE,1.299999952,FALSE,,,2001,2,25,28,28,1,49,24.23999977,123,23.48999977,60,74,M,19
15091,3,4XE,0.800000012,FALSE,,,2001,2,25,31,28,1,49,24.95999908,123,19.60000038,76,81,M,20
15097,2,4XE,2,FALSE,,,2001,2,27,37,28,2,49,27.32999992,123,18.75,52,80,M,17
15098,2,4XE,2.099999905,FALSE,,,2001,2,27,38,28,2,49,29.07999992,123,19.62000084,68,80,M,17
14902,4,4XE,0.100000001,FALSE,1,10,2000,10,24,1,28,2,49,20.59000015,123,18.60000038,72,81,M,18
14923,1,4XE,0.800000012,FALSE,,,2000,10,28,22,28,3,49,31.88999939,123,23.60000038,60,73,M,31
14927,5,4XE,3.400000095,FALSE,,,2000,10,29,26,28,3,49,30.82999992,123,29.37000084,70,80,M,22
14928,4,4XE,0.300000012,FALSE,,,2000,10,29,27,28,3,49,29.52000046,123,28.25,65,70,M,20
14929,2,4XE,4.199999809,FALSE,,,2000,10,29,28,28,3,49,27.29999924,123,27,70,86,M,18
14930,1,4XE,1,FALSE,,,2000,10,29,29,28,3,49,27.09000015,123,26.79000092,50,57,M,17
14932,1,4XE,2,FALSE,,,2000,10,30,31,28,2,49,29.37000084,123,19.87000084,65,81,M,22
14936,3,4XE,1.399999976,FALSE,,,2000,10,30,35,28,2,49,25.40999985,123,14.10000038,68,78,M,18
14939,2,4XE,1.799999952,FALSE,,,2000,10,31,38,28,1,49,23.89999962,123,25.73999977,61,70,M,19
14942,1,4XE,0.600000024,FALSE,1,,2000,6,29,1,9,12,51,38.41999817,127,42.97999954,40,40,M,14
14944,1,4XE,1.5,FALSE,1,,2000,6,29,3,9,12,51,36.56999969,127,42.09999847,40,60,M,14
14945,2,4XE,0.699999988,FALSE,1,,2000,6,29,4,9,12,51,36.75,127,43.02999878,50,50,M,12
14946,2,4XE,0.800000012,FALSE,1,,2000,6,29,5,9,12,51,36.56999969,127,41.34000015,50,50,M,10
14951,1,4XE,1,FALSE,1,,2000,7,1,10,8,6,,,,,30,30,M,12
14954,1,4XE,1,FALSE,2,,2000,7,1,13,8,4,52,2.99000001,127,51.70000076,50,70,M,12
14955,1,4XE,5,FALSE,8,,2000,7,1,14,8,4,52,3.799999952,127,51.15000153,25,35,M,12
14956,1,4XE,11,FALSE,12,,2000,7,2,15,7,14,52,23.09000015,127,59.79999924,60,68,M,18
14957,1,4XE,2,FALSE,,,2000,7,2,16,7,14,52,24.95999908,127,59.68999863,50,80,M,18
14960,1,4XE,1.799999952,FALSE,4,,2000,7,3,19,6,20,53,0.600000024,128,30.69000053,50,60,M,12
14961,2,4XE,1.5,FALSE,,,2000,7,3,20,6,20,53,0.560000002,128,31.12000084,50,120,M,12
14967,3,4XE,0.200000003,FALSE,1,,2000,7,5,26,6,12,52,55.15999985,129,8.789999962,40,75,M,13
14968,1,4XE,7.5,FALSE,6,,2000,7,5,27,6,12,52,55.86000061,129,8.039999962,0,0,M,12
14970,1,4XE,2,FALSE,4,,2000,7,6,29,5,23,53,41.31999969,129,43.77999878,50,52,M,14
14971,1,4XE,3,FALSE,2,,2000,7,6,30,5,23,53,40.36999893,129,43.04000092,90,95,M,14
14975,1,4XE,3,FALSE,4,,2000,7,7,34,4,10,54,19.96999931,130,18.36000061,60,95,M,18
14976,1,4XE,0.5,FALSE,,,2000,7,7,35,4,10,54,20.29999924,130,16.55999947,60,72,M,17
14977,1,4XE,0.400000006,FALSE,1,,2000,7,8,36,2,83,53,31.20000076,132,45,50,70,M,11
14978,2,4XE,2,FALSE,2,,2000,7,9,37,2,83,53,30.02000046,132,45.43000031,40,70,M,10
14986,2,4XE,1.5,FALSE,2,1,2000,7,11,45,2,15,52,19.23999977,131,14.14999962,85,110,M,13
13788,2,4XE,1.799999952,FALSE,,,2000,2,23,7,28,2,49,29.48999977,123,19.69000053,69,99,M,22
13796,4,4XE,2.700000048,FALSE,,,2000,2,24,15,28,1,49,24.22999954,123,23.52000046,54,74,M,19
13807,4,4XE,3.900000095,FALSE,,,2000,2,27,26,28,3,49,32.38000107,123,26.46999931,50,74,M,20
13810,4,4XE,2.799999952,FALSE,,,2000,2,27,29,28,3,49,27.35000038,123,27,58,88,M,22
13811,2,4XE,1,FALSE,,,2000,2,27,30,28,3,49,27.15999985,123,26.88999939,40,60,M,22
13819,4,4XE,1.100000024,FALSE,,,2000,2,29,38,28,1,49,24.61000061,123,26.44000053,62,71,M,17
13820,3,4XE,2.400000095,FALSE,,,2000,2,29,39,28,1,49,23.84000015,123,29.72999954,60,71,M,16
1384,1,4TA,0,TRUE,1,,1979,6,7,5,12,27,,,,,32,41,F,20
1387,2,4TA,0,TRUE,1,,1979,6,7,8,12,27,,,,,40,50,F,19
1391,1,4TA,0,TRUE,1,,1979,6,8,12,12,40,,,,,15,17,F,20
1393,1,4TA,0,TRUE,1,,1979,6,8,14,12,40,,,,,32,40,F,18
1400,2,4TA,0,TRUE,1,,1979,6,10,21,12,40,,,,,40,46,F,16
1407,1,4TA,0,TRUE,1,,1979,6,11,28,12,35,,,,,39,48,F,21
1408,3,4TA,0,TRUE,1,,1979,6,11,29,12,35,,,,,11,17,F,19
1409,3,4TA,0,TRUE,5,,1979,6,11,30,12,35,,,,,14,18,F,18
1410,3,4TA,0,TRUE,1,,1979,6,11,31,12,35,,,,,30,35,F,18
1411,2,4TA,0,TRUE,1,,1979,6,12,32,12,37,,,,,40,55,F,22
1412,1,4TA,0,TRUE,1,,1979,6,12,33,12,37,,,,,40,51,F,21
1414,3,4TA,0,TRUE,2,,1979,6,12,35,12,37,,,,,14,19,F,22
1418,2,4TA,0,TRUE,2,,1979,6,13,39,12,36,,,,,40,52,F,16
1419,2,4TA,1.81400001,TRUE,,,1979,2,17,1,12,35,,,,,15,15,F,25
1422,2,4TA,0.100000001,TRUE,1,,1979,2,17,4,12,35,,,,,15,15,F,24
1427,4,4TA,0.100000001,TRUE,5,,1979,2,18,9,12,37,,,,,14,17,F,17
1428,1,4TA,0.100000001,TRUE,3,,1979,2,19,10,12,40,,,,,15,15,F,20
1437,3,4TA,0.100000001,TRUE,1,,1979,2,20,19,12,40,,,,,15,15,F,20
1443,2,4TA,0.100000001,TRUE,3,,1979,2,22,25,12,27,,,,,10,15,F,24
1445,2,4TA,0.100000001,TRUE,3,,1979,2,22,27,12,27,,,,,15,15,F,21
1448,2,4TA,0.100000001,TRUE,5,,1979,2,23,30,12,36,,,,,14,18,F,21
1450,3,4TA,0.100000001,TRUE,3,,1979,2,23,32,12,36,,,,,15,16,F,19
1460,4,4TA,0.100000001,TRUE,3,,1978,2,18,9,12,35,,,,,15,15,F,19
1462,3,4TA,0.100000001,TRUE,2,,1978,2,18,11,12,35,,,,,15,15,F,20
1463,3,4TA,0.100000001,TRUE,3,,1978,2,18,12,12,35,,,,,46,50,F,19
1464,3,4TA,0.100000001,TRUE,1,,1978,2,19,13,12,40,,,,,40,40,F,20
1465,3,4TA,0.100000001,TRUE,1,,1978,2,19,14,12,40,,,,,40,40,F,19
1477,3,4TA,0.100000001,TRUE,1,,1978,2,21,26,12,37,,,,,48,56,F,19
1479,6,4TA,2.267999887,TRUE,4,,1978,2,21,28,12,37,,,,,14,16,F,20
1480,4,4TA,0.100000001,TRUE,1,,1978,2,22,29,12,36,,,,,12,16,F,20
1492,4,4TA,7.257999897,TRUE,8,,1978,6,17,9,12,35,,,,,14,16,F,22
1494,4,4TA,6.349999905,TRUE,6,,1978,6,17,11,12,35,,,,,12,18,F,22
1496,2,4TA,7.257999897,TRUE,7,,1978,6,17,13,12,35,,,,,12,18,F,21
1499,3,4TA,0.100000001,TRUE,1,,1978,6,18,16,12,40,,,,,15,15,F,20
1504,3,4TA,0.100000001,TRUE,1,,1978,6,19,21,12,45,,,,,36,38,F,23
1512,2,4TA,0.100000001,TRUE,2,,1978,6,20,29,12,40,,,,,15,15,F,21
1516,2,4TA,0.100000001,TRUE,2,,1978,6,21,33,12,37,,,,,48,56,F,21
1518,6,4TA,4.535999775,TRUE,7,,1978,6,21,35,12,37,,,,,14,16,F,19
1526,3,4TA,0.100000001,TRUE,1,,1978,10,18,4,12,27,,,,,12,18,F,18
1531,3,4TA,0.100000001,TRUE,3,,1978,10,20,9,12,35,,,,,14,18,F,23
1535,5,4TA,0.100000001,TRUE,12,,1978,10,20,13,12,35,,,,,27,29,F,20
1536,1,4TA,0.100000001,TRUE,1,,1978,10,21,14,12,40,,,,,32,47,F,19
1542,4,4TA,0.100000001,TRUE,2,,1978,10,22,20,12,45,,,,,15,25,F,23
1546,3,4TA,0.100000001,TRUE,1,,1978,10,22,24,12,45,,,,,14,20,F,20
1550,3,4TA,0.100000001,TRUE,2,,1978,10,24,28,12,40,,,,,14,22,F,22
1031,1,4TA,3,TRUE,,,1980,10,19,167,6,25,,,,,50,50,F,21
1034,1,4TA,4,TRUE,,,1980,10,19,170,6,20,,,,,42,50,F,17
1035,3,4TA,3,TRUE,,,1980,10,20,171,6,20,,,,,50,30,F,23
1062,4,4TC,2,TRUE,,,1980,8,26,1,20,5,,,,,42,50,F,6
1068,3,4TC,18,TRUE,,,1980,9,17,7,23,7,,,,,55,45,F,23
1075,1,4TC,1,TRUE,,,1980,9,20,14,25,7,,,,,48,50,F,22
1076,3,4TA,2,TRUE,,,1980,9,20,15,25,7,,,,,50,59,F,20
1077,2,4TA,14,TRUE,,,1980,9,21,16,26,1,,,,,40,50,F,19
1078,2,4TA,12,TRUE,,,1980,9,21,17,26,1,,,,,55,55,F,19
1083,3,4TA,4,TRUE,,,1980,9,22,22,125,4,,,,,48,47,F,19
1084,4,4TA,10,TRUE,,,1980,9,22,23,125,4,,,,,52,55,F,20
1087,9,4TA,2,TRUE,,,1980,9,23,26,125,3,,,,,43,41,F,15
1088,1,4TA,12,TRUE,,,1980,9,23,27,125,4,,,,,52,52,F,6
1089,3,4TA,21,TRUE,,,1980,9,23,28,125,4,,,,,48,45,F,7
1090,2,4TA,0.100000001,TRUE,,,1980,9,23,29,125,4,,,,,52,52,F,8
1091,2,4TA,3,TRUE,,,1980,9,24,30,125,5,,,,,50,48,F,13
1092,2,4TA,12,TRUE,,,1980,9,24,31,125,5,,,,,47,41,F,14
1094,6,4TA,11,TRUE,,,1980,9,25,33,26,2,,,,,49,64,F,16
1095,4,4TA,0.100000001,TRUE,,,1980,9,25,34,26,2,,,,,63,50,F,16
1109,4,4TA,1,TRUE,,,1980,9,29,48,27,7,,,,,50,50,F,16
1110,3,4TA,8,TRUE,,,1980,9,29,49,27,7,,,,,72,52,F,16
1111,4,4TA,2,TRUE,,,1980,9,29,50,27,7,,,,,62,72,F,16
1112,2,4TA,0.100000001,TRUE,,,1980,10,21,51,126,2,,,,,70,75,F,21
1113,3,4TA,2.5,TRUE,,,1980,10,21,52,126,2,,,,,70,70,F,20
1114,10,4TA,0.100000001,TRUE,,,1980,10,21,53,126,2,,,,,63,59,F,21
1115,3,4TA,3,TRUE,,,1980,10,21,54,126,1,,,,,51,43,F,22
1118,2,4TA,8,TRUE,,,1980,10,22,57,126,2,,,,,62,49,F,22
1119,2,4TA,2,TRUE,,,1980,10,22,58,126,2,,,,,64,49,F,23
1120,2,4TA,9,TRUE,,,1980,10,23,59,27,2,,,,,75,62,F,18
1121,3,4TA,6,TRUE,,,1980,10,23,60,27,2,,,,,70,65,F,18
1122,4,4TA,3,TRUE,,,1980,10,23,61,27,2,,,,,70,65,F,18
1123,3,4TA,5,TRUE,,,1980,10,23,62,27,2,,,,,65,74,F,19
1127,8,4TA,0.100000001,TRUE,,,1980,10,26,66,126,2,,,,,65,61,F,18
1134,3,4TA,2,TRUE,,,1980,10,31,73,26,2,,,,,52,52,F,24
1136,1,4TA,0,TRUE,,,1977,9,8,4,28,1,,,,,12,16,F,23
1172,2,4XE,0,TRUE,,,1977,9,11,40,28,1,,,,,15,15,F,3
1226,1,4TA,0,TRUE,,,1977,9,7,1,28,2,,,,,10,15,F,13
1232,4,4TA,7,TRUE,,,1980,10,17,4,12,35,,,,,15,15,F,22
1234,4,4TA,8,TRUE,,,1980,10,17,6,12,35,,,,,15,15,F,20
1235,3,4TA,31,TRUE,,,1980,10,17,7,12,35,,,,,14,17,F,19
1236,2,4TA,9,TRUE,,,1980,10,17,8,12,35,,,,,30,35,F,19
1241,2,4TA,2,TRUE,,,1980,10,18,13,12,40,,,,,40,40,F,18
1245,2,4TA,1,TRUE,,,1980,10,19,17,12,45,,,,,15,16,F,20
1250,3,4TA,2,TRUE,,,1980,10,20,22,12,40,,,,,15,16,F,21
1252,2,4TA,1,TRUE,,,1980,10,20,24,12,40,,,,,15,15,F,21
1254,5,4TA,0.100000001,TRUE,,,1980,10,21,26,12,37,,,,,46,52,F,19
1255,1,4TA,2,TRUE,,,1980,10,21,27,12,37,,,,,42,48,F,19
1257,2,4TA,14,TRUE,,,1980,10,21,29,12,37,,,,,14,17,F,20
1258,5,4TA,8,TRUE,,,1980,10,22,30,12,36,,,,,14,18,F,22
1259,3,4TA,1,TRUE,,,1980,10,22,31,12,36,,,,,48,52,F,21
1260,1,4TA,5,TRUE,,,1980,10,22,32,12,36,,,,,15,18,F,22
1262,2,4TA,1,TRUE,,,1980,10,23,34,12,27,,,,,13,15,F,21
1275,3,4TA,3,TRUE,,,1980,7,4,9,12,35,,,,,15,15,F,20
1277,3,4TA,8,TRUE,,,1980,7,4,11,12,35,,,,,15,15,F,17
1286,2,4TA,4,TRUE,,,1980,7,6,20,12,45,,,,,15,16,F,22
1289,2,4TA,1,TRUE,,,1980,7,6,23,12,45,,,,,15,16,F,21
1293,1,4TA,2,TRUE,,,1980,7,7,27,12,40,,,,,34,36,F,22
1296,2,4TA,3,TRUE,,,1980,7,7,30,12,40,,,,,15,15,F,20
1298,5,4TA,11,TRUE,,,1980,7,8,32,12,36,,,,,14,18,F,18
1300,5,4TA,1,TRUE,,,1980,7,8,34,12,36,,,,,15,18,F,16
1303,4,4TA,6,TRUE,,,1980,7,9,37,12,37,,,,,14,17,F,18
1305,1,4TA,2,TRUE,,,1980,7,9,39,12,37,,,,,42,48,F,17
1306,5,4TA,6,TRUE,,,1980,2,6,1,12,35,,,,,14,17,F,20
1307,1,4TA,4,TRUE,,,1980,2,6,2,12,35,,,,,30,35,F,19
1308,2,4TA,4,TRUE,,,1980,2,6,3,12,35,,,,,15,15,F,18
1315,2,4TA,2,TRUE,,,1980,2,8,10,12,27,,,,,35,40,F,23
1319,1,4TA,0.100000001,TRUE,,,1980,2,9,14,12,40,,,,,15,15,F,20
1323,1,4TA,4,TRUE,,,1980,2,9,18,12,40,,,,,40,40,F,18
1324,1,4TA,0.100000001,TRUE,,,1980,2,9,19,12,40,,,,,30,37,F,17
1334,2,4TA,1,TRUE,,,1980,2,11,29,12,40,,,,,15,15,F,21
1336,2,4TA,1,TRUE,,,1980,2,11,31,12,40,,,,,35,40,F,21
1337,2,4TA,1,TRUE,,,1980,2,12,32,12,37,,,,,46,52,F,20
1340,2,4TA,4,TRUE,,,1980,2,12,35,12,37,,,,,14,17,F,20
1344,3,4TA,2,TRUE,,,1980,2,13,39,12,36,,,,,42,47,F,20
1345,1,4TA,0.100000001,TRUE,3,,1979,10,18,1,12,27,,,,,14,18,F,18
1346,3,4TA,0.100000001,TRUE,2,,1979,10,18,2,12,27,,,,,38,42,F,19
1348,3,4TA,0.100000001,TRUE,3,,1979,10,18,4,12,27,,,,,12,18,F,19
1352,2,4TA,0.100000001,TRUE,3,,1979,10,19,8,12,35,,,,,14,17,F,18
1353,2,4TA,4.535999775,TRUE,17,,1979,10,19,9,12,35,,,,,14,17,F,17
1354,3,4TA,0.100000001,TRUE,1,,1979,10,19,10,12,35,,,,,30,32,F,17
1356,4,4TA,0.100000001,TRUE,2,,1979,10,20,12,12,40,,,,,12,16,F,21
1359,2,4TA,0.100000001,TRUE,1,,1979,10,20,15,12,40,,,,,30,48,F,19
1361,2,4TA,0.100000001,TRUE,2,,1979,10,21,17,12,45,,,,,15,20,F,20
1368,3,4TA,0.100000001,TRUE,1,,1979,10,22,24,12,40,,,,,14,18,F,21
1372,2,4TA,0.100000001,TRUE,1,,1979,10,23,28,12,37,,,,,46,52,F,19
1374,2,4TA,0.100000001,TRUE,2,,1979,10,23,30,12,37,,,,,37,40,F,19
1375,3,4TA,0,TRUE,9,,1979,10,23,31,12,37,,,,,14,17,F,19
1376,2,4TA,0.100000001,TRUE,2,,1979,10,24,32,12,36,,,,,14,18,F,20
1378,3,4TA,0.100000001,TRUE,1,,1979,10,24,34,12,36,,,,,14,18,F,20
1381,4,4TA,0.100000001,TRUE,,,1979,6,6,2,12,28,,,,,34,36,F,17
1383,3,4TA,0,TRUE,1,,1979,6,7,4,12,27,,,,,15,16,F,20
2474,2,4TA,0,TRUE,,,1973,11,16,9,12,35,,,,,46,52,F,4
2476,2,4TA,0,TRUE,,,1973,11,17,11,12,35,,,,,12,14,F,17
2491,2,4TA,0,TRUE,,,1973,11,21,26,12,40,,,,,12,14,F,18
450,4,4TC,2,TRUE,,,1982,10,21,1,12,28,,,,,15,15,F,16
455,1,4TC,1,TRUE,,,1982,10,22,6,12,36,,,,,15,15,F,20
465,2,4TC,1.399999976,TRUE,,,1982,10,24,16,12,40,,,,,35,40,F,19
495,2,4TC,0.100000001,TRUE,,,1981,1,10,13,12,40,,,,,40,40,F,19
500,4,4TC,1,TRUE,,,1981,1,11,18,12,45,,,,,15,16,F,20
507,1,4TC,1,TRUE,,,1981,1,12,25,12,40,,,,,15,15,F,21
509,3,4TC,1,TRUE,,,1981,1,13,27,12,37,,,,,46,52,F,19
510,1,4TC,3,TRUE,,,1981,1,13,28,12,37,,,,,42,48,F,18
511,2,4TC,0.100000001,TRUE,,,1981,1,13,29,12,37,,,,,37,40,F,19
512,4,4TC,6,TRUE,,,1981,1,13,30,12,37,,,,,14,17,F,19
513,3,4TC,3,TRUE,,,1981,1,14,31,12,35,,,,,15,15,F,23
514,1,4TC,1,TRUE,,,1981,1,14,32,12,35,,,,,46,50,F,23
516,2,4TC,19,TRUE,,,1981,1,14,34,12,35,,,,,14,17,F,20
518,4,4TC,2,TRUE,,,1981,1,15,36,12,36,,,,,14,18,F,21
520,2,4TC,1,TRUE,,,1981,1,15,38,12,36,,,,,15,18,F,20
522,3,4TC,1,TRUE,,,1981,7,8,1,12,28,,,,,12,17,F,14
523,5,4TC,2,TRUE,,,1981,7,8,2,12,28,,,,,30,35,F,13
525,2,4TC,6,TRUE,,,1981,7,9,4,12,37,,,,,14,16,F,21
526,3,4TC,2,TRUE,,,1981,7,9,5,12,37,,,,,36,40,F,20
527,3,4TC,2,TRUE,,,1981,7,9,6,12,37,,,,,42,48,F,20
528,3,4TC,1,TRUE,,,1981,7,9,7,12,37,,,,,45,52,F,20
532,3,4TC,1,TRUE,,,1981,7,10,11,12,36,,,,,42,47,F,20
533,3,4TC,5,TRUE,,,1981,7,11,12,12,27,,,,,13,15,F,22
534,1,4TC,2,TRUE,,,1981,7,11,13,12,27,,,,,35,40,F,22
538,2,4TC,17,TRUE,,,1981,7,12,17,12,35,,,,,14,17,F,23
539,2,4TC,2,TRUE,,,1981,7,12,18,12,35,,,,,30,33,F,22
540,3,4TC,11,TRUE,,,1981,7,12,19,12,35,,,,,15,17,F,21
548,1,4TC,0.100000001,TRUE,,,1981,7,13,27,12,40,,,,,30,37,F,18
552,3,4TC,0.100000001,TRUE,,,1981,7,14,31,12,45,,,,,15,16,F,21
553,1,4TC,0.100000001,TRUE,,,1981,7,14,32,12,45,,,,,35,37,F,18
557,2,4TC,2,TRUE,,,1981,7,15,36,12,40,,,,,36,36,F,18
559,1,4TC,1,TRUE,,,1981,7,15,38,12,40,,,,,15,15,F,18
564,6,4TC,6,TRUE,,,1981,10,6,4,12,27,,,,,13,15,F,149
565,2,4TC,2,TRUE,,,1981,10,6,5,12,27,,,,,35,40,F,149
569,4,4TC,7,TRUE,,,1981,10,7,9,12,36,,,,,14,18,F,14
945,2,4TA,0,TRUE,1,,1980,9,15,81,6,20,,,,,30,28,F,21
951,2,4TA,2,TRUE,,,1980,9,16,87,6,20,,,,,20,18,F,18
958,6,4TA,1.5,TRUE,,,1980,9,17,94,6,20,,,,,50,35,F,23
960,7,4TA,2,TRUE,,,1980,9,17,96,6,20,,,,,40,40,F,22
969,6,4TA,8,TRUE,,,1980,9,19,105,6,20,,,,,30,25,F,22
986,3,4TA,5,TRUE,,,1980,9,21,122,6,20,,,,,40,40,F,18
1891,2,4TA,0.100000001,TRUE,1,,1975,11,12,16,12,28,,,,,50,50,F,21
1895,1,4TA,0.100000001,TRUE,1,,1975,11,13,20,12,27,,,,,13,15,F,23
1900,3,4TA,11.33990002,TRUE,15,,1975,11,14,25,12,35,,,,,15,15,F,22
1913,3,4TA,0.100000001,TRUE,2,,1975,11,16,38,12,40,,,,,34,37,F,19
1914,3,4TA,0.100000001,TRUE,2,,1975,11,16,39,12,40,,,,,38,40,F,20
1974,3,4TA,2.721999884,TRUE,60,,1974,10,30,43,12,35,,,,,15,15,F,20
1976,2,4TA,0.100000001,TRUE,3,,1974,10,30,45,12,35,,,,,11,14,F,17
2014,2,4TA,0,TRUE,,,1974,8,21,23,12,43,,,,,10,15,F,14
2055,2,4TA,0,TRUE,1,,1974,5,30,7,12,27,,,,,8,27,F,16
2056,1,4TA,0,TRUE,2,,1974,5,30,8,12,27,,,,,46,52,F,15
2061,4,4TA,0,TRUE,5,,1974,5,31,13,12,35,,,,,15,25,F,16
2068,1,4TA,0,TRUE,1,,1974,6,1,20,12,37,,,,,43,47,F,4
2070,1,4TA,0,TRUE,1,,1974,6,2,22,12,37,,,,,50,53,F,20
2072,5,4TA,0,TRUE,1,,1974,6,2,24,12,37,,,,,14,15,F,17
2092,2,4TA,0,TRUE,1,,1974,6,5,44,12,43,,,,,12,13,F,14
2093,3,4TA,0,TRUE,1,,1974,6,11,45,28,1,,,,,35,35,F,23
2096,1,4TA,0,TRUE,1,,1974,6,12,48,28,2,,,,,34,36,F,19
2104,2,4TA,0,TRUE,1,,1974,6,13,56,28,2,,,,,16,17,F,18
2105,1,4TA,0,TRUE,2,,1974,6,13,57,28,2,,,,,15,16,F,17
2111,2,4TA,0,TRUE,20,,1974,2,7,6,12,35,,,,,10,14,F,17
2129,1,4TA,0,TRUE,1,,1974,2,10,24,12,40,,,,,50,56,F,18
2148,3,4TA,0,TRUE,2,,1974,2,19,43,28,1,,,,,16,18,F,19
2149,4,4TA,0,TRUE,1,,1974,2,19,44,28,1,,,,,16,16,F,19
2153,2,4TA,0,TRUE,2,,1974,2,20,48,28,2,,,,,15,15,F,17
2155,1,4TA,0,TRUE,2,,1974,2,21,50,28,2,,,,,15,16,F,27
2157,2,4TA,0,TRUE,2,,1974,2,22,52,28,1,,,,,15,15,F,19
2280,7,4TC,16,TRUE,,,1980,3,3,1,2,11,,,,,47,53,F,22
2281,8,4TC,30,TRUE,,,1980,3,3,2,2,11,,,,,48,60,F,22
2282,5,4TC,4,TRUE,,,1980,3,3,3,2,11,,,,,44,54,F,19
2284,5,4TC,10,TRUE,,,1980,3,3,5,2,10,,,,,50,60,F,6
2287,6,4TC,15,TRUE,,,1980,3,4,8,2,11,,,,,45,60,F,20
2288,5,4TC,2,TRUE,,,1980,3,4,9,2,11,,,,,37,60,F,18
2290,6,4TC,20,TRUE,,,1980,3,4,11,2,11,,,,,12,40,F,15
2292,2,4TC,1,TRUE,,,1980,3,4,13,2,11,,,,,50,60,F,6
2293,4,4TC,4,TRUE,,,1980,3,5,14,2,11,,,,,50,55,F,21
2294,3,4TC,9,TRUE,,,1980,3,5,15,2,11,,,,,36,46,F,20
2295,2,4TC,30,TRUE,,,1980,3,5,16,2,11,,,,,45,60,F,18
2296,3,4TC,0.100000001,TRUE,,,1980,3,5,17,2,10,,,,,56,60,F,5
2297,3,4TC,3,TRUE,,,1980,3,5,18,2,10,,,,,45,55,F,5
2298,6,4TC,3,TRUE,,,1980,3,5,19,2,10,,,,,55,55,F,5
2301,3,4TC,30,TRUE,,,1980,3,6,22,2,10,,,,,42,45,F,19
2302,4,4TC,10,TRUE,,,1980,3,6,23,2,10,,,,,40,50,F,15
2303,6,4TC,45,TRUE,,,1980,3,6,24,2,10,,,,,35,44,F,6
2304,6,4TC,3,TRUE,,,1980,3,6,25,2,10,,,,,50,50,F,6
2305,7,4TC,45,TRUE,,,1980,3,7,26,2,10,,,,,50,70,F,20
2306,6,4TC,15,TRUE,,,1980,3,7,27,2,10,,,,,45,45,F,18
2307,4,4TC,20,TRUE,,,1980,3,7,28,2,10,,,,,45,48,F,17
2308,5,4TC,9,TRUE,,,1980,3,7,29,2,10,,,,,50,50,F,16
2309,3,4TC,6,TRUE,,,1980,3,7,30,2,8,,,,,50,50,F,6
2310,3,4TC,5,TRUE,,,1980,3,7,31,2,8,,,,,55,58,F,6
2311,3,4TC,6,TRUE,,,1980,3,7,32,2,8,,,,,48,53,F,6
2312,5,4TC,36,TRUE,,,1980,3,7,33,2,8,,,,,52,53,F,6
2313,6,4TC,7,TRUE,,,1980,3,8,34,2,8,,,,,50,58,F,17
2314,5,4TC,10,TRUE,,,1980,3,8,35,2,8,,,,,55,60,F,19
2315,6,4TC,8,TRUE,,,1980,3,8,36,2,8,,,,,40,50,F,15
2316,6,4TC,3,TRUE,,,1980,3,8,37,2,8,,,,,50,62,F,16
2317,4,4TC,0.100000001,TRUE,,,1980,3,8,38,2,8,,,,,45,56,F,5
2318,4,4TC,0.100000001,TRUE,,,1980,3,8,39,2,8,,,,,49,50,F,5
2319,5,4TC,9,TRUE,,,1980,3,9,40,2,6,,,,,40,55,F,20
2320,8,4TC,7,TRUE,,,1980,3,9,41,2,6,,,,,32,51,F,19
2321,5,4TC,6,TRUE,,,1980,3,9,42,2,6,,,,,45,55,F,19
2322,3,4TC,64,TRUE,,,1980,3,9,43,2,6,,,,,42,48,F,19
2323,2,4TC,2,TRUE,,,1980,3,9,44,2,6,,,,,46,55,F,6
2324,6,4TC,2,TRUE,,,1980,3,9,45,2,6,,,,,51,75,F,6
2325,4,4TC,10,TRUE,,,1980,3,10,46,2,6,,,,,50,54,F,22
2326,5,4TC,4,TRUE,,,1980,3,10,47,2,6,,,,,60,71,F,21
2327,5,4TC,11,TRUE,,,1980,3,10,48,2,6,,,,,54,60,F,19
2330,3,4TC,2,TRUE,,,1980,3,11,51,2,3,,,,,50,54,F,20
2331,3,4TC,1,TRUE,,,1980,3,11,52,2,4,,,,,42,43,F,20
2332,2,4TC,3,TRUE,,,1980,3,11,53,2,4,,,,,49,53,F,18
2334,6,4TC,13,TRUE,,,1980,3,13,55,2,3,,,,,42,45,F,47
2335,2,4TC,190,TRUE,,,1980,3,12,56,2,1,,,,,12,15,F,21
2336,5,4TC,17,TRUE,,,1980,3,12,57,2,1,,,,,43,51,F,16
2337,3,4TC,7,TRUE,,,1980,3,14,58,2,11,,,,,40,43,F,22
2338,5,4TC,3,TRUE,,,1980,3,14,59,2,11,,,,,48,60,F,21
2339,4,4TC,2,TRUE,,,1980,3,14,60,2,11,,,,,35,35,F,15
2340,5,4TC,2,TRUE,,,1980,3,14,61,2,12,,,,,45,48,F,15
2342,4,4TC,1,TRUE,,,1980,3,14,63,2,12,,,,,40,46,F,6
2343,5,4TC,4,TRUE,,,1980,3,15,64,2,12,,,,,38,40,F,18
2344,4,4TC,0.100000001,TRUE,,,1980,3,15,65,2,12,,,,,35,38,F,18
2345,8,4TC,3,TRUE,,,1980,3,15,66,2,13,,,,,38,44,F,15
2346,5,4TC,2,TRUE,,,1980,3,17,67,2,14,,,,,40,48,F,48
2347,5,4TC,9,TRUE,,,1980,3,17,68,2,14,,,,,38,59,F,48
2348,6,4TC,4,TRUE,,,1980,3,17,69,2,15,,,,,51,58,F,47
2349,6,4TC,9,TRUE,,,1980,3,17,70,2,15,,,,,45,55,F,46
2350,3,4TC,100,TRUE,,,1980,3,18,71,2,18,,,,,20,20,F,22
2351,5,4TC,13,TRUE,,,1980,3,18,72,2,18,,,,,32,40,F,22
2355,1,4TC,4,TRUE,,,1980,3,3,4,2,32,,,,,12,15,F,17
2356,1,4XE,0.100000001,TRUE,,,1980,3,3,5,2,33,,,,,35,38,F,16
2363,1,4TC,0.100000001,TRUE,,,1980,3,4,12,2,31,,,,,11,12,F,17
2366,2,4TC,0.100000001,TRUE,,,1980,3,6,15,2,42,,,,,80,100,F,21
2367,1,4TC,3,TRUE,,,1980,3,6,16,2,42,,,,,80,80,F,20
1557,2,4TA,0.100000001,TRUE,4,,1978,10,24,35,12,37,,,,,14,17,F,20
1560,4,4TA,0.100000001,TRUE,5,,1978,10,25,38,12,36,,,,,14,18,F,20
1561,2,4TA,0.100000001,TRUE,1,,1978,10,25,39,12,36,,,,,48,52,F,19
1572,1,4TA,0.100000001,TRUE,1,,1977,2,25,10,12,27,,,,,36,52,F,24
1573,2,4TA,0,TRUE,9,,1977,2,26,11,12,35,,,,,15,15,F,18
1575,1,4TA,0,TRUE,11,,1977,2,26,13,12,35,,,,,15,15,F,20
1576,3,4TA,0.100000001,TRUE,1,,1977,2,26,14,12,35,,,,,46,50,F,21
1580,3,4TA,0.100000001,TRUE,1,,1977,2,27,18,12,36,,,,,45,45,F,20
1592,2,4TA,0.100000001,TRUE,1,,1977,3,1,30,12,40,,,,,15,15,F,16
1597,3,4TA,0.100000001,TRUE,2,,1977,3,2,35,12,40,,,,,15,15,F,20
1601,3,4TA,0.100000001,TRUE,1,,1977,6,22,3,12,28,,,,,35,35,F,18
1606,2,4TA,0.100000001,TRUE,1,,1977,6,23,8,12,27,,,,,35,38,F,20
1609,1,4TA,0.100000001,TRUE,1,,1977,6,24,11,12,40,,,,,40,40,F,20
1627,6,4TA,0.100000001,TRUE,1,,1977,6,27,29,12,37,,,,,14,16,F,19
1629,1,4TA,0.100000001,TRUE,1,,1977,6,27,31,12,37,,,,,48,52,F,21
1631,3,4TA,0.100000001,TRUE,3,,1977,6,28,33,12,36,,,,,15,15,F,20
1635,2,4TA,0.100000001,TRUE,1,,1977,6,29,37,12,35,,,,,15,15,F,22
1637,2,4TA,0,TRUE,8,,1977,6,29,39,12,35,,,,,15,15,F,17
1638,1,4TA,0.100000001,TRUE,2,,1977,6,29,40,12,35,,,,,46,50,F,18
1654,2,4TA,0.100000001,TRUE,,,1977,10,17,16,12,27,,,,,13,15,F,22
1656,2,4TA,3.628999949,TRUE,8,,1977,10,17,18,12,27,,,,,15,18,F,22
1659,4,4TA,6.803999901,TRUE,30,,1977,10,18,21,12,35,,,,,15,15,F,23
1660,2,4TA,0.100000001,TRUE,5,,1977,10,18,22,12,35,,,,,15,15,F,23
1661,2,4TA,2.267999887,TRUE,5,,1977,10,18,23,12,35,,,,,15,15,F,20
1662,2,4TA,4.535999775,TRUE,14,,1977,10,18,24,12,35,,,,,46,50,F,20
1667,2,4TA,3.174999952,TRUE,7,,1977,10,19,29,12,37,,,,,14,16,F,20
1668,3,4TA,0.100000001,TRUE,1,,1977,10,20,30,12,36,,,,,15,15,F,18
1669,3,4TA,0.100000001,TRUE,1,,1977,10,20,31,12,36,,,,,45,47,F,19
1670,3,4TA,0.100000001,TRUE,1,,1977,10,20,32,12,36,,,,,15,15,F,19
1675,2,4TA,0.100000001,TRUE,1,,1976,2,4,5,12,27,,,,,35,38,F,21
1681,4,4TA,3.628999949,TRUE,8,,1976,2,6,11,12,35,,,,,15,15,F,23
1686,3,4TA,0.100000001,TRUE,2,,1976,2,7,16,12,40,,,,,13,15,F,20
1701,2,4TA,0.100000001,TRUE,1,,1976,2,9,31,12,40,,,,,15,15,F,21
1702,2,4TA,0.100000001,TRUE,2,,1976,2,9,32,12,40,,,,,15,15,F,19
1715,2,4TA,0.100000001,TRUE,1,,1976,2,17,45,28,2,,,,,15,15,F,21
1733,3,4TA,0.100000001,TRUE,1,,1976,6,25,8,12,27,,,,,35,38,F,21
1737,2,4TA,0,TRUE,1,,1976,6,26,12,12,35,,,,,15,15,F,21
1739,2,4TA,0,TRUE,14,,1976,6,26,14,12,35,,,,,15,15,F,18
1743,2,4TA,0.100000001,TRUE,1,,1976,6,27,18,12,36,,,,,15,15,F,24
1745,5,4TA,0.100000001,TRUE,1,,1976,6,28,20,12,37,,,,,46,52,F,19
1750,1,4TA,0.100000001,TRUE,1,,1976,6,29,25,12,40,,,,,30,37,F,21
1752,1,4TA,0.100000001,TRUE,1,,1976,6,29,27,12,40,,,,,34,36,F,19
1758,2,4TA,0.100000001,TRUE,1,,1976,6,30,33,12,40,,,,,36,36,F,21
1766,2,4TA,0,TRUE,1,,1976,7,1,41,12,45,,,,,16,16,F,18
1768,5,4TA,0.100000001,TRUE,1,,1975,3,5,1,28,1,,,,,15,15,F,23
1769,1,4TA,0.100000001,TRUE,1,,1975,3,5,2,28,1,,,,,35,35,F,22
1782,1,4TA,0.100000001,TRUE,1,,1975,3,12,15,12,28,,,,,50,50,F,22
1784,1,4TA,0.100000001,TRUE,1,,1975,3,12,17,12,28,,,,,47,50,F,22
1786,1,4TA,0.100000001,TRUE,1,,1975,3,13,20,12,27,,,,,13,15,F,22
1792,2,4TA,6.803999901,TRUE,14,,1975,3,14,25,12,35,,,,,15,15,F,22
1796,2,4TA,0.100000001,TRUE,1,,1975,3,14,29,12,36,,,,,50,50,F,18
1797,2,4TA,0.100000001,TRUE,2,,1975,3,15,30,12,43,,,,,13,15,F,20
1803,3,4TA,0.100000001,TRUE,1,,1975,3,16,36,12,45,,,,,15,16,F,22
1804,3,4TA,0.100000001,TRUE,1,,1975,3,16,37,12,45,,,,,36,38,F,22
1805,2,4TA,0.100000001,TRUE,1,,1975,3,16,38,12,45,,,,,15,16,F,21
1819,2,4TA,0.100000001,TRUE,3,,1975,3,18,52,12,37,,,,,15,16,F,20
1824,3,4TA,0.100000001,TRUE,1,,1975,8,7,1,12,40,,,,,30,37,F,22
1841,3,4TA,0,TRUE,1,,1975,8,9,18,12,40,,,,,35,40,F,19
1848,4,4TA,0,TRUE,1,,1975,8,11,25,12,36,,,,,45,47,F,21
1849,2,4TA,0,TRUE,3,,1975,8,11,26,12,36,,,,,15,15,F,20
1853,2,4TA,0,TRUE,2,,1975,8,12,30,12,27,,,,,15,15,F,21
1855,4,4TA,0,TRUE,2,,1975,8,12,32,12,27,,,,,15,15,F,21
1856,3,4TA,0,TRUE,1,,1975,8,12,33,12,27,,,,,35,35,F,21
1857,1,4TA,0,TRUE,1,,1975,8,13,34,12,28,,,,,50,50,F,20
1862,3,4TA,0,TRUE,20,,1975,8,14,39,12,35,,,,,15,15,F,22
1873,4,4TA,0.100000001,TRUE,2,,1975,8,28,50,28,2,,,,,15,15,F,23
1880,2,4TA,0.100000001,TRUE,1,,1975,11,5,5,28,2,,,,,15,15,F,22
1888,2,4TA,0.100000001,TRUE,3,,1975,11,7,13,28,2,,,,,15,15,F,44
3028,3,4TC,,TRUE,,,1982,4,27,2,28,1,,,,,25,35,F,24
3746,4,4TA,,TRUE,1,,1975,12,15,253,6,14,52,45.09999847,129,7.5,53,63,F,6
3749,10,4TA,0.100000001,TRUE,3,,1974,11,22,3,7,17,52,5.300000191,128,5.800000191,6,13,F,21
3752,11,4TA,0.100000001,TRUE,1,,1974,11,22,6,7,17,52,2.599999905,128,9.5,6,18,F,24
3755,1,4TA,0.100000001,TRUE,5,,1974,11,22,9,7,25,51,59.70000076,128,10.5,9,10,F,24
3757,3,4TA,,TRUE,10,,1974,11,22,11,7,25,51,59.09999847,128,13.19999981,26,40,F,25
3762,7,4TA,0.100000001,TRUE,1,,1974,11,24,16,7,15,52,13.39999962,128,5.699999809,25,36,F,20
3764,8,4TA,0.100000001,TRUE,1,,1974,11,24,18,7,15,52,13.80000019,128,4.400000095,30,40,F,19
3766,7,4TA,0.100000001,TRUE,6,,1974,11,24,20,7,15,52,15.19999981,128,2.900000095,13,30,F,17
3767,4,4TA,,TRUE,3,,1974,11,25,21,7,12,52,12.69999981,128,7.599999905,30,35,F,24
3771,10,4TA,,TRUE,2,,1974,11,25,25,7,15,52,15.89999962,128,10.60000038,28,35,F,18
3774,9,4TA,,TRUE,1,,1974,11,26,28,7,12,52,12.39999962,128,6.300000191,55,55,F,18
3775,6,4TA,,TRUE,1,,1974,11,26,29,7,12,52,12.5,128,6.199999809,8,10,F,19
3790,15,4TA,,TRUE,12,,1974,11,28,44,7,15,52,18.10000038,128,0.600000024,8,26,F,17
3793,8,4TA,,TRUE,3,,1974,11,29,47,7,13,52,19.39999962,128,11.30000019,27,34,F,21
3797,6,4TA,,TRUE,3,,1974,11,29,51,7,14,52,26.70000076,128,9.600000381,28,36,F,16
3798,8,4TA,,TRUE,1,,1974,11,30,52,7,14,52,27.10000038,128,4.400000095,10,35,F,21
3811,10,4TA,0.100000001,TRUE,1,,1974,12,2,65,7,14,52,29.5,128,5.599999905,23,55,F,22
3817,7,4TA,,TRUE,1,,1974,12,3,71,7,14,52,21,128,3.099999905,22,36,F,21
3818,13,4TA,0.100000001,TRUE,1,,1974,12,3,72,7,14,52,20.79999924,128,2.5,26,38,F,21
3819,3,4TA,0.100000001,TRUE,6,,1974,12,3,73,7,14,52,20.20000076,128,2.099999905,31,50,F,19
3822,4,4TA,0.100000001,TRUE,6,,1974,12,4,76,7,14,52,26.39999962,127,58.90000153,21,36,F,28
3823,5,4TA,,TRUE,3,,1974,12,4,77,7,14,52,25,127,59.5,30,38,F,28
3824,2,4TA,0.100000001,TRUE,12,,1974,12,4,78,7,14,52,24.10000038,127,59.59999847,30,34,F,26
3828,1,4TA,0.100000001,TRUE,12,,1974,12,6,82,7,14,52,27.39999962,127,58.79999924,10,10,F,46
3829,2,4TA,0.100000001,TRUE,19,,1974,12,6,83,7,14,52,28.10000038,127,58.40000153,17,27,F,46
3831,3,4TA,0.100000001,TRUE,6,,1974,12,6,85,7,14,52,27.39999962,127,59.29999924,22,32,F,45
3832,10,4TA,0.100000001,TRUE,1,,1974,12,6,86,7,14,52,26.5,127,59.29999924,31,35,F,44
3834,2,4TA,,TRUE,27,,1974,12,6,88,7,14,52,24.29999924,127,59.09999847,8,38,F,43
3835,2,4TA,0.100000001,TRUE,5,,1974,12,5,89,7,14,52,23.79999924,127,59.40000153,37,37,F,26
3836,4,4TA,0.100000001,TRUE,21,,1974,12,5,90,7,14,52,22.89999962,127,59.59999847,26,33,F,26
3838,4,4TA,0.100000001,TRUE,2,,1974,12,6,92,7,14,52,21.29999924,127,59.79999924,22,22,F,21
3839,3,4TA,,TRUE,28,,1974,12,6,93,7,14,52,23.20000076,128,0.100000001,18,26,F,20
3872,6,4TA,0.100000001,TRUE,2,,1974,12,12,126,8,5,52,12.19999981,127,48.29999924,17,32,F,23
3876,10,4TA,0.100000001,TRUE,1,,1974,12,12,130,8,7,52,18.5,127,45.59999847,26,34,F,18
3877,6,4TA,0.100000001,TRUE,1,,1974,12,12,131,8,7,52,19.70000076,127,44,29,36,F,17
3880,4,4TA,0.100000001,TRUE,2,,1974,12,13,134,8,7,52,14.30000019,127,36.20000076,16,44,F,18
3882,10,4TA,0.100000001,TRUE,1,,1974,12,14,136,8,7,52,19.10000038,127,35.40000153,30,65,F,22
3886,8,4TA,0.100000001,TRUE,1,,1974,12,14,140,8,7,52,22.39999962,127,29.10000038,30,37,F,18
3889,13,4TA,,TRUE,1,,1974,12,15,143,8,7,52,24,127,24.79999924,33,47,F,20
3901,8,4TA,0.100000001,TRUE,1,,1974,12,17,155,8,9,52,43.90000153,126,56,27,43,F,21
3906,5,4TA,0.100000001,TRUE,9,,1974,12,17,160,8,9,52,50,127,1.200000048,7,10,F,23
3916,10,4TA,,TRUE,1,,1974,12,19,170,8,8,52,35.59999847,127,8.5,23,42,F,18
3917,9,4TA,,TRUE,1,,1974,12,19,171,8,8,52,35.20000076,127,9.699999809,21,46,F,18
3923,10,4TA,0.100000001,TRUE,3,,1975,1,16,177,8,4,52,3.099999905,127,51.90000153,15,30,F,22
3924,6,4TA,0.100000001,TRUE,6,,1975,1,16,178,8,4,52,3.799999952,127,51.90000153,31,35,F,22
3960,10,4TA,,TRUE,1,,1975,1,22,214,8,12,52,9.300000191,126,51.09999847,31,38,F,20
3979,6,4TA,,TRUE,1,,1975,1,26,233,8,4,51,50.29999924,128,1,31,35,F,20
3980,4,4TA,,TRUE,5,,1975,1,26,234,8,4,51,48.79999924,128,1.100000024,25,38,F,19
3982,2,4TA,,TRUE,4,,1975,1,26,236,8,4,51,47.70000076,128,1.700000048,25,34,F,18
3983,3,4TA,0.100000001,TRUE,7,,1975,1,26,237,8,4,51,48.20000076,128,2.700000048,30,49,F,17
3984,13,4TA,0.100000001,TRUE,2,,1975,1,26,238,8,4,51,47.29999924,128,3,44,75,F,16
3985,4,4TA,0.100000001,TRUE,3,,1975,1,27,239,8,16,51,43.70000076,127,59.29999924,25,37,F,23
3990,4,4TA,0.100000001,TRUE,3,,1975,1,27,244,8,2,51,39.29999924,128,4.400000095,61,74,F,18
3991,3,4TA,0.100000001,TRUE,5,,1975,1,27,245,8,2,51,39.5,128,5.199999809,27,38,F,17
3993,10,4TA,,TRUE,1,,1975,1,30,247,7,7,52,55.40000153,128,7.599999905,26,35,F,22
3994,5,4TA,,TRUE,2,,1975,1,30,248,7,7,52,53.79999924,128,7.5,27,38,F,19
3997,16,4TA,,TRUE,1,,1975,1,30,251,7,7,52,54.40000153,128,3.5,21,43,F,20
4000,10,4TA,,TRUE,2,,1975,2,6,254,7,11,52,45.90000153,127,59.29999924,9,34,F,168
4002,10,4TA,,TRUE,1,,1975,2,6,256,7,7,52,49.90000153,128,7.599999905,27,39,F,168
4003,9,4TA,,TRUE,1,,1975,2,6,257,7,29,52,49.90000153,128,10.60000038,61,78,F,168
4004,5,4TA,,TRUE,1,,1975,2,6,258,7,29,52,48.29999924,128,13.5,29,40,F,168
4006,6,4TA,0.100000001,TRUE,1,,1975,2,8,260,7,24,52,12.30000019,128,11.19999981,25,40,F,23
4007,4,4TA,0.100000001,TRUE,3,,1975,2,8,261,7,24,52,11.80000019,128,11.60000038,32,37,F,24
4009,12,4TA,0.100000001,TRUE,2,,1975,2,8,263,7,23,52,6.099999905,128,17.60000038,24,48,F,24
4010,5,4TA,,TRUE,6,,1975,2,8,264,7,23,52,6.900000095,128,19.20000076,33,40,F,24
4012,4,4TA,,TRUE,2,,1975,2,9,266,7,12,52,14.60000038,128,14.69999981,23,39,F,17
4013,3,4TA,0.100000001,TRUE,6,,1975,2,9,267,7,12,52,14.80000019,128,17.39999962,24,40,F,16
4014,4,4TA,0.100000001,TRUE,5,,1975,2,9,268,7,12,52,14.89999962,128,19.5,20,43,F,16
4015,3,4TA,0.100000001,TRUE,8,,1975,2,9,269,7,8,52,15.80000019,128,20,26,34,F,15
4016,1,4TA,,TRUE,23,,1975,2,10,270,7,9,52,21.39999962,128,23.10000038,26,34,F,23
4017,4,4TA,0.100000001,TRUE,8,,1975,2,10,271,7,9,52,21.70000076,128,21.5,26,35,F,23
4019,6,4TA,0.100000001,TRUE,1,,1975,2,10,273,7,9,52,24.20000076,128,20,27,48,F,20
4023,6,4TA,0.100000001,TRUE,1,,1975,2,11,277,7,9,52,26.29999924,128,14.30000019,30,44,F,19
4025,5,4TA,0.100000001,TRUE,5,,1975,2,11,279,7,9,52,29.5,128,16.29999924,24,34,F,19
4026,3,4TA,0.100000001,TRUE,17,,1975,2,11,280,7,9,52,28.5,128,17.89999962,26,52,F,20
4028,3,4TA,0.100000001,TRUE,6,,1975,2,11,282,7,9,52,27.70000076,128,24.39999962,28,42,F,21
4029,4,4TA,0.100000001,TRUE,2,,1975,2,11,283,7,9,52,28.10000038,128,23.60000038,10,23,F,20
4031,10,4TA,,TRUE,1,,1975,2,13,285,8,16,51,37.09999847,127,49.59999847,26,30,F,19
4034,5,4TA,0.100000001,TRUE,1,,1975,2,13,288,9,12,51,37.20000076,127,45.29999924,20,40,F,21
4035,8,4TA,,TRUE,2,,1975,2,13,289,9,12,51,36.90000153,127,43.90000153,25,43,F,20
4037,6,4TA,0.100000001,TRUE,1,,1975,2,14,291,9,11,51,30.5,127,44.40000153,14,37,F,19
4048,1,4TA,0.100000001,TRUE,14,,1975,2,15,302,9,3,51,31.60000038,127,31.79999924,7,11,F,20
4050,10,4TA,0.100000001,TRUE,1,,1975,2,15,304,9,2,51,29.39999962,127,36.09999847,20,45,F,18
4054,8,4TA,,TRUE,2,,1975,2,16,308,9,3,51,33.90000153,127,33.90000153,62,74,F,20
4060,14,4TA,,TRUE,2,,1975,2,17,314,9,9,51,41.20000076,127,29.10000038,22,38,F,20
4063,6,4TA,0.100000001,TRUE,1,,1975,2,18,317,9,12,51,36.40000153,127,44.79999924,23,39,F,6
4065,6,4TA,0.100000001,TRUE,5,,1975,2,19,319,9,12,51,37.70000076,127,47.29999924,25,42,F,25
4066,5,4TA,0.100000001,TRUE,4,,1975,2,19,320,9,12,51,37.90000153,127,46.20000076,22,33,F,24
4067,11,4TA,0.100000001,TRUE,1,,1975,2,18,321,9,12,51,37.20000076,127,45.20000076,66,75,F,5
3501,2,4TA,,TRUE,7,,1975,9,14,8,6,17,52,24.60000038,128,46.70000076,22,31,F,21
3502,8,4TA,,TRUE,1,,1975,9,14,9,6,17,52,25.29999924,128,48.79999924,55,65,F,20
3503,2,4TA,,TRUE,5,,1975,9,14,10,6,17,52,26.29999924,128,48.79999924,35,40,F,20
3504,4,4TA,,TRUE,11,,1975,9,14,11,6,17,52,26.39999962,128,47,40,45,F,20
3505,3,4TA,,TRUE,5,,1975,9,15,12,6,17,52,27.60000038,128,49.5,50,60,F,21
3506,8,4TA,,TRUE,1,,1975,9,15,13,6,17,52,28,128,48,60,70,F,21
3507,4,4TA,,TRUE,8,,1975,9,15,14,6,16,52,29,128,48.40000153,80,80,F,22
3508,4,4TA,,TRUE,2,,1975,9,15,15,6,16,52,30.70000076,128,49.90000153,80,80,F,22
3509,3,4TA,,TRUE,28,,1975,9,15,16,6,16,52,32.90000153,128,49.79999924,30,32,F,23
3510,4,4TA,,TRUE,5,,1975,9,16,17,6,16,52,32.40000153,128,50.5,60,70,F,22
3511,9,4TA,,TRUE,4,,1975,9,16,18,6,16,52,34,128,49.79999924,50,55,F,21
3512,3,4TA,,TRUE,14,,1975,9,16,19,6,18,52,33.5,128,48.09999847,30,30,F,20
3513,4,4TA,,TRUE,3,,1975,9,16,20,6,18,52,33.59999847,128,47.40000153,50,50,F,19
3515,10,4TA,,TRUE,5,,1975,9,18,22,6,18,52,33.40000153,128,45.90000153,64,64,F,50
3517,4,4TA,,TRUE,1,,1975,9,18,24,6,19,52,37.40000153,128,47.79999924,20,20,F,44
3518,8,4TA,,TRUE,1,,1975,9,17,25,6,16,52,36,128,46.59999847,50,70,F,27
3520,3,4TA,,TRUE,7,,1975,9,19,27,6,17,52,27.5,128,57,65,75,F,20
3521,6,4TA,,TRUE,4,,1975,9,19,28,6,17,52,25.89999962,128,56.79999924,85,90,F,20
3525,5,4TA,,TRUE,4,,1975,9,20,32,106,2,52,25.20000076,129,2.799999952,50,50,F,22
3526,5,4TA,,TRUE,1,,1975,9,20,33,106,2,52,26.89999962,129,5.900000095,52,52,F,19
3528,2,4TA,,TRUE,17,,1975,9,20,35,106,2,52,29.20000076,129,6,12,12,F,21
3529,6,4TA,,TRUE,1,,1975,9,20,36,106,2,52,30.20000076,129,7.800000191,60,60,F,17
3530,6,4TA,,TRUE,1,,1975,9,21,37,106,2,52,32.29999924,129,10.10000038,60,70,F,23
3531,1,4TA,,TRUE,30,,1975,9,21,38,106,2,52,34.09999847,129,11.39999962,35,38,F,23
3533,9,4TA,,TRUE,2,,1975,9,21,40,106,2,52,34.29999924,129,12.69999981,40,40,F,20
3536,5,4TA,,TRUE,4,,1975,9,22,43,6,13,52,41.79999924,129,17,45,48,F,20
3537,5,4TA,,TRUE,7,,1975,9,22,44,6,13,52,42.90000153,129,17.5,35,35,F,19
3538,3,4TA,,TRUE,5,,1975,9,22,45,6,13,52,44,129,19,60,60,F,24
3539,4,4TA,,TRUE,3,,1975,9,22,46,6,13,52,42.29999924,129,15.39999962,15,15,F,17
3540,3,4TA,,TRUE,7,,1975,9,23,47,6,13,52,47.59999847,129,23.79999924,42,42,F,17
3541,5,4TA,,TRUE,15,,1975,9,23,48,6,13,52,49.29999924,129,23.39999962,35,35,F,17
3542,5,4TA,,TRUE,2,,1975,9,23,49,6,13,52,50,129,24,50,50,F,15
3543,3,4TA,,TRUE,2,,1975,9,23,50,6,13,52,51.20000076,129,22.60000038,60,60,F,14
3544,2,4TA,,TRUE,27,,1975,9,23,51,6,9,52,51.5,129,21.39999962,10,10,F,16
3545,1,4TA,,TRUE,9,,1975,9,26,52,6,9,53,12.60000038,129,35,40,40,F,23
3546,5,4TA,,TRUE,3,,1975,9,26,53,6,5,53,12.30000019,129,33.90000153,45,45,F,22
3548,10,4TA,,TRUE,3,,1975,9,26,55,6,5,53,13,129,31.39999962,80,80,F,21
3549,10,4TA,,TRUE,1,,1975,9,26,56,6,5,53,12.80000019,129,29.39999962,60,60,F,19
3551,4,4TA,,TRUE,3,,1975,9,27,58,5,17,53,16.20000076,129,39.5,50,50,F,23
3556,4,4TA,,TRUE,1,,1975,9,28,63,5,15,53,37.79999924,130,3.099999905,65,65,F,16
3558,4,4TA,,TRUE,13,,1975,10,4,65,5,13,53,38,130,26.5,35,38,F,68
3560,9,4TA,,TRUE,1,,1975,10,4,67,5,10,53,38.79999924,130,27.39999962,50,56,F,66
3561,5,4TA,,TRUE,15,,1975,10,4,68,5,11,53,38.59999847,130,29.10000038,13,15,F,65
3562,4,4TA,,TRUE,8,,1975,10,3,69,5,11,53,38.90000153,130,32.29999924,22,22,F,42
3563,6,4TA,,TRUE,1,,1975,10,6,70,5,16,53,31.10000038,130,0.899999976,70,75,F,48
3564,12,4TA,,TRUE,2,,1975,10,6,71,5,16,53,31.70000076,129,59.90000153,50,50,F,44
3565,5,4TA,,TRUE,6,,1975,10,5,72,5,16,53,32.5,129,59.40000153,35,40,F,25
3566,6,4TA,,TRUE,4,,1975,10,5,73,5,16,53,34,129,58.59999847,65,70,F,24
3569,4,4TA,,TRUE,4,,1975,10,6,76,5,16,53,31.20000076,130,0.300000012,22,22,F,19
3570,8,4TA,,TRUE,1,,1975,10,6,77,5,16,53,32.70000076,130,0,60,62,F,18
3574,5,4TA,,TRUE,1,,1975,10,7,81,5,17,53,25.70000076,129,52.90000153,20,20,F,19
3577,10,4TA,,TRUE,1,,1975,10,7,84,5,18,53,27.10000038,129,50.40000153,45,70,F,16
3578,5,4TA,,TRUE,1,,1975,10,8,85,5,17,53,16.70000076,129,47.40000153,48,51,F,19
3580,3,4TA,,TRUE,3,,1975,10,8,87,5,17,53,13.69999981,129,44.79999924,49,50,F,19
3581,3,4TA,,TRUE,5,,1975,10,8,88,6,9,53,12,129,44,54,61,F,20
3582,3,4TB,,TRUE,2,,1975,10,8,89,6,9,53,12.10000038,129,44.5,44,46,F,20
3583,8,4TB,,TRUE,1,,1975,10,9,90,6,5,53,18.10000038,129,24.70000076,80,80,F,22
3584,13,4TA,,TRUE,1,,1975,10,9,91,6,5,53,19.10000038,129,23.29999924,60,65,F,21
3588,12,4TB,,TRUE,1,,1975,10,9,95,6,5,53,20.79999924,129,25.89999962,40,44,F,17
3589,10,4TA,,TRUE,2,,1975,10,10,96,6,5,53,14.39999962,129,28.89999962,38,44,F,23
3590,11,4TA,,TRUE,1,,1975,10,10,97,6,5,53,14.89999962,129,29.20000076,68,74,F,22
3591,11,4TB,,TRUE,1,,1975,10,10,98,6,5,53,16.5,129,28.79999924,54,54,F,22
3595,6,4TB,,TRUE,1,,1975,10,11,102,106,1,53,3.5,129,50.09999847,44,51,F,11
3596,4,4TB,,TRUE,5,,1975,10,11,103,106,1,53,3,129,48.5,56,58,F,10
3597,4,4TA,,TRUE,2,,1975,10,11,104,106,1,53,1.299999952,129,45,40,50,F,7
3598,4,4TA,,TRUE,6,,1975,10,11,105,6,9,53,0.300000012,129,41.90000153,78,84,F,5
3604,4,4TA,,TRUE,6,,1975,10,16,111,5,23,53,41.29999924,129,44.5,52,52,F,19
3605,8,4TA,,TRUE,1,,1975,10,17,112,6,2,53,30.79999924,129,14.19999981,40,48,F,18
3609,4,4TB,,TRUE,6,,1975,10,18,116,6,1,53,45.40000153,129,1.100000024,34,38,F,21
3614,7,4TA,,TRUE,1,,1975,10,19,121,6,1,53,48.79999924,128,47.09999847,35,35,F,26
3617,6,4TA,,TRUE,1,,1975,10,19,124,6,1,53,52,128,40.70000076,62,68,F,21
3634,8,4TA,,TRUE,1,,1975,10,24,141,6,3,53,28.20000076,128,53.5,50,60,F,16
3636,13,4TB,,TRUE,1,,1975,11,10,143,7,3,52,25.20000076,128,31.70000076,58,64,F,25
3637,5,4TA,,TRUE,6,,1975,11,10,144,7,3,52,26.10000038,128,32.29999924,70,78,F,24
3638,5,4TA,,TRUE,3,,1975,11,10,145,7,3,52,25.89999962,128,33.79999924,50,52,F,22
3639,2,4TA,,TRUE,9,,1975,11,10,146,7,3,52,26.89999962,128,34.90000153,28,32,F,21
3640,8,4TA,,TRUE,3,,1975,11,10,147,7,3,52,26.10000038,128,36.90000153,40,40,F,20
3641,9,4TA,,TRUE,1,,1975,11,10,148,7,3,52,26.89999962,128,36.70000076,58,62,F,19
3643,6,4TA,,TRUE,2,,1975,11,16,150,7,4,52,30.20000076,128,25.39999962,50,60,F,139
3644,11,4TA,,TRUE,1,,1975,11,17,151,6,19,52,38.5,128,48.70000076,32,50,F,18
3646,12,4TA,,TRUE,1,,1975,11,17,153,6,19,52,38.09999847,128,50.09999847,52,80,F,18
3648,5,4TA,,TRUE,4,,1975,11,17,155,6,19,52,38.90000153,128,51.20000076,30,30,F,18
3649,9,4TA,,TRUE,1,,1975,11,18,156,6,19,52,50.09999847,128,44.5,50,78,F,22
3651,6,4TA,,TRUE,1,,1975,11,18,158,6,19,52,53.70000076,128,43.20000076,68,68,F,20
3652,8,4TA,,TRUE,1,,1975,11,18,159,6,19,52,53.5,128,41.29999924,50,52,F,19
3661,6,4TA,,TRUE,1,,1975,11,19,168,6,16,52,35.20000076,128,46.70000076,58,60,F,17
3662,2,4TA,,TRUE,2,,1975,11,21,169,6,14,52,47,129,6.300000191,50,50,F,7
3663,4,4TA,,TRUE,4,,1975,11,21,170,6,14,52,45.70000076,129,4.800000191,57,61,F,5
3664,6,4TA,,TRUE,5,,1975,11,22,171,6,14,52,44.40000153,129,6.300000191,51,56,F,24
3665,6,4TA,,TRUE,2,,1975,11,22,172,6,14,52,43.59999847,129,5.300000191,61,62,F,24
3666,4,4TA,,TRUE,6,,1975,11,22,173,6,15,52,42.5,129,3.5,54,60,F,24
3667,4,4TA,,TRUE,2,,1975,11,23,174,6,15,52,41.20000076,129,2,36,40,F,25
3668,4,4TA,,TRUE,3,,1975,11,23,175,6,15,52,40.70000076,129,1.100000024,68,68,F,25
3672,5,4TA,,TRUE,7,,1975,11,23,179,6,16,52,36.90000153,128,55.29999924,50,50,F,26
3673,9,4TA,,TRUE,2,,1975,11,28,180,6,4,53,29.20000076,128,36.20000076,48,50,F,69
3674,8,4TA,,TRUE,2,,1975,11,27,181,6,4,53,24.20000076,128,31.79999924,46,58,F,47
3675,15,4TA,,TRUE,2,,1975,11,27,182,6,4,53,26.20000076,128,30.10000038,61,62,F,46
3676,15,4TA,,TRUE,6,,1975,11,27,183,6,4,53,26.39999962,128,30.10000038,36,41,F,46
3680,12,4TB,,TRUE,1,,1975,11,28,187,6,4,53,28.5,128,13.69999981,33,34,F,19
3684,12,4TA,,TRUE,1,,1975,11,29,191,6,3,53,34.70000076,128,57.5,58,68,F,19
3685,4,4TA,,TRUE,25,,1975,11,29,192,6,3,53,32.79999924,129,1.200000048,15,18,F,18
3685,13,4TB,,TRUE,1,,1975,11,29,192,6,3,53,32.79999924,129,1.200000048,15,18,F,18
3686,10,4TA,,TRUE,1,,1975,11,29,193,6,3,53,31.89999962,128,58,25,26,F,17
3686,11,4TB,,TRUE,2,,1975,11,29,193,6,3,53,31.89999962,128,58,25,26,F,17
3687,10,4TB,,TRUE,1,,1975,11,29,194,6,3,53,29.20000076,128,58,30,33,F,16
3687,5,4TA,,TRUE,4,,1975,11,29,194,6,3,53,29.20000076,128,58,30,33,F,16
3695,17,4TA,,TRUE,1,,1975,12,1,202,6,3,53,26.60000038,129,5.699999809,19,23,F,21
3708,10,4TB,,TRUE,2,,1975,12,4,215,6,4,53,25.29999924,128,5.599999905,46,48,F,18
3711,11,4TB,,TRUE,1,,1975,12,4,218,6,4,53,27.60000038,128,12.10000038,48,50,F,19
3712,9,4TB,,TRUE,1,,1975,12,4,219,6,4,53,27,128,13.89999962,48,49,F,19
3716,9,4TA,,TRUE,1,,1975,12,8,223,6,7,53,17.5,128,55.5,50,58,F,24
3717,10,4TA,,TRUE,3,,1975,12,8,224,6,7,53,17.20000076,128,57.90000153,62,62,F,25
3720,4,4TA,,TRUE,2,,1975,12,9,227,6,6,53,14.80000019,129,4.599999905,42,50,F,20
3722,9,4TA,,TRUE,1,,1975,12,9,229,6,6,53,11.60000038,129,5,39,52,F,18
3725,11,4TA,,TRUE,2,,1975,12,10,232,6,26,53,6.199999809,129,11.60000038,49,51,F,20
3726,8,4TA,,TRUE,1,,1975,12,10,233,6,26,53,4.900000095,129,15.80000019,52,56,F,20
3729,2,4TA,,TRUE,11,,1975,12,12,236,6,10,52,58.59999847,129,12.10000038,58,62,F,46
3730,3,4TA,,TRUE,11,,1975,12,12,237,6,10,52,56.90000153,129,12,58,60,F,45
3731,3,4TA,,TRUE,6,,1975,12,11,238,6,10,52,54.79999924,129,10.89999962,56,59,F,27
3732,4,4TA,,TRUE,3,,1975,12,11,239,6,10,52,56.40000153,129,19.10000038,53,58,F,6
3733,1,4TA,,TRUE,3,,1975,12,11,240,6,10,52,56.40000153,129,25.70000076,60,61,F,5
3734,2,4TA,,TRUE,3,,1975,12,11,241,6,9,52,56.20000076,129,27.89999962,60,61,F,4
3735,3,4TA,,TRUE,5,,1975,12,11,242,6,9,52,55.40000153,129,31.20000076,61,62,F,3
3736,4,4TA,,TRUE,1,,1975,12,13,243,6,10,52,51.70000076,129,20.20000076,50,53,F,4
3737,3,4TA,,TRUE,11,,1975,12,14,244,6,11,52,50.20000076,129,18.39999962,51,51,F,26
3739,4,4TA,,TRUE,12,,1975,12,14,246,6,13,52,48,129,18.89999962,49,50,F,25
3740,2,4TA,,TRUE,23,,1975,12,14,247,6,13,52,47.20000076,129,17.29999924,60,64,F,24
3741,5,4TA,,TRUE,3,,1975,12,14,248,6,13,52,45.79999924,129,18.60000038,51,54,F,23
3742,4,4TA,,TRUE,1,,1975,12,15,249,6,11,52,49.70000076,129,14.60000038,52,53,F,6
3745,5,4TA,,TRUE,3,,1975,12,15,252,6,14,52,46.5,129,9.699999809,51,58,F,6
46574,1,4XE,0.670000017,FALSE,1,1,2012,10,30,3,28,4,49,34.55500031,123,13.83899975,60,74,M,19
46580,1,4XE,0.460000008,FALSE,2,4,2012,10,31,9,28,4,49,34.67200089,123,18.9090004,81,92,M,24
46584,2,4XE,0.270000011,FALSE,1,4,2012,10,31,13,28,1,49,24.97699928,123,19.49099922,52,76,M,18
46591,1,4XE,0.569999993,FALSE,2,4,2012,11,1,20,28,2,49,20.62899971,123,17.98999977,55,78,M,17
46595,1,4XE,3.299999952,FALSE,3,1,2012,11,2,24,28,2,49,30.26300049,123,15.31599998,56,104,M,21
46602,2,4XE,1.169999957,FALSE,1,1,2012,11,3,31,28,3,49,26.98500061,123,26.77300072,47,55,M,21
46603,2,4XE,1.24000001,FALSE,2,2,2012,11,3,32,28,1,49,26.85700035,123,24.29000092,80,96,M,20
46606,1,4XE,1.169999957,FALSE,2,2,2012,11,4,35,28,1,49,26.30200005,123,22.62199974,66,94,M,24
46607,1,4XE,0.239999995,FALSE,1,4,2012,11,4,36,28,1,49,24.24699974,123,25.76399994,49,61,M,22
46608,1,4XE,2.619999886,FALSE,2,1,2012,11,4,37,28,3,49,27.22900009,123,26.97599983,69,85,M,25
46609,1,4XE,10.78999996,FALSE,,,2012,11,4,38,28,3,49,28.63100052,123,27.21500015,55,72,M,22
46613,1,4XE,1.889999986,FALSE,2,1,2012,11,5,42,28,1,49,23.24799919,123,27.36700058,54,101,M,22
48661,2,4XE,0.189999998,FALSE,1,5,2013,11,1,23,28,2,49,24.69199944,123,18.3220005,64,82,M,24
32154,1,4XE,1.700000048,FALSE,1,1,2008,2,11,19,28,2,49,30.21299934,123,15.24800014,64,95,M,20
32155,3,4XE,0.899999976,FALSE,1,1,2008,2,11,21,28,2,49,27.43199921,123,18.84399986,40,98,M,18
32157,1,4XE,0.699999988,FALSE,1,1,2008,2,12,23,28,2,49,25.10700035,123,14.19200039,67,96,M,23
32160,1,4XE,0.899999976,FALSE,1,1,2008,2,12,26,28,3,49,31.99500084,123,23.5170002,50,97,M,21
32161,3,4XE,2,FALSE,,,2008,2,12,27,28,3,49,30.8939991,123,29.36300087,60,100,M,22
32162,1,4XE,0.200000003,FALSE,1,5,2008,2,12,28,28,3,49,27.07600021,123,26.86899948,50,90,M,22
32164,1,4XE,1,FALSE,1,1,2008,2,13,31,28,2,49,31.89999962,123,21.81900024,55,76,M,27
32166,3,4XE,1,FALSE,1,1,2008,2,13,33,28,3,49,31.93899918,123,23.46500015,40,90,M,24
32171,2,4XE,3.599999905,FALSE,,,2008,2,13,38,28,1,49,26.62199974,123,22.48200035,68,95,M,23
32172,2,4XE,0.699999988,FALSE,,,2008,2,14,39,28,2,49,25.24300003,123,18.66500092,63,98,M,26
32176,2,4XE,0.400000006,FALSE,,,2008,2,14,43,28,1,49,26.21800041,123,23.79899979,89,108,M,18
32178,1,4XE,1.399999976,FALSE,2,1,2008,2,14,45,28,1,49,24.31599998,123,25.31599998,62,75,M,21
32179,2,4XE,1,FALSE,1,1,2008,2,14,46,28,1,49,23.35199928,123,26.98900032,69,93,M,20
32183,2,4XE,4,FALSE,3,1,2008,2,15,50,28,1,49,24.31599998,123,29.75600052,56,76,M,18
37042,2,4XE,1.5,FALSE,3,2,2010,2,4,15,28,1,49,26.63100052,123,22.44099998,62,86,M,22
37043,1,4XE,0.649999976,FALSE,1,2,2010,2,4,16,28,1,49,24.95100021,123,19.53700066,48,64,M,28
37047,1,4XE,0.560000002,FALSE,1,2,2010,2,4,20,28,2,49,23.25399971,123,15.72900009,66,83,M,20
37050,1,4XE,1.950000048,FALSE,2,1,2010,2,8,43,28,1,49,24.30999947,123,29.73600006,54,70,M,19
37051,2,4XE,0.970000029,FALSE,2,2,2010,2,8,44,28,1,49,23.3220005,123,27.48699951,70,92,M,19
37052,2,4XE,0.100000001,FALSE,1,10,2010,2,8,45,28,1,49,22.25,123,25.77000046,43,72,M,20
37053,1,4XE,1.580000043,FALSE,2,1,2010,2,9,46,17,9,48,54.66799927,123,37.75400162,62,81,M,23
37054,1,4XE,0.460000008,FALSE,2,4,2010,2,9,47,17,6,48,55.37400055,123,37.81299973,56,68,M,22
37055,2,4XE,0.660000026,FALSE,1,2,2010,2,9,48,17,6,48,55.54800034,123,38.57099915,57,82,M,21
44396,3,4XE,1.919999957,FALSE,3,2,2011,11,11,4,28,1,49,25.09000015,123,19.32500076,43,67,M,20
44398,2,4XE,1.799999952,FALSE,2,1,2011,11,11,6,28,2,49,25.3220005,123,14.24600029,79,85,M,23
44406,1,4XE,2.130000114,FALSE,3,1,2011,11,13,14,28,1,49,26.95199966,123,19.67300034,55,75,M,29
44412,3,4XE,2.109999895,FALSE,3,1,2011,11,13,20,28,1,49,24.29800034,123,29.78899956,60,72,M,15
44413,2,4XE,0.280000001,FALSE,2,7,2011,11,14,21,28,3,49,30.64100075,123,29.39999962,79,87,M,23
44416,2,4XE,1.389999986,FALSE,1,1,2011,11,14,24,28,3,49,31.73900032,123,23.81500053,77,89,M,23
44418,1,4XE,1.149999976,FALSE,2,2,2011,11,14,26,28,2,49,23.27599907,123,15.7130003,67,78,M,24
44419,1,4XE,1.75,FALSE,1,1,2011,11,15,27,28,3,49,26.89100075,123,26.79400063,69,90,M,28
44420,1,4XE,0.5,FALSE,1,2,2011,11,15,28,28,1,49,26.19400024,123,20.98600006,68,81,M,20
44423,1,4XE,1.24000001,FALSE,1,1,2011,11,15,31,28,1,49,24.26199913,123,23.43700027,73,87,M,20
41951,1,4XE,3.400000095,FALSE,,,2011,2,20,5,28,2,49,25.20700073,123,18.60700035,45,75,M,71
41954,1,4XE,1.100000024,FALSE,1,1,2011,2,19,8,28,2,49,23.12299919,123,15.85400009,70,80,M,24
41961,1,4XE,1.5,FALSE,,,2011,2,20,15,28,3,49,30.63999939,123,29.34499931,73,110,M,21
41964,1,4XE,2.200000048,FALSE,,,2011,2,20,18,28,1,49,24.34399986,123,29.71299934,62,76,M,17
41965,1,4XE,1.299999952,FALSE,,,2011,2,21,19,28,3,49,27.07799911,123,26.83499908,63,92,M,23
41973,2,4XE,2.200000048,FALSE,1,0,2011,2,22,27,28,4,49,34.6590004,123,18.84499931,90,105,M,27
41976,1,4XE,0.100000001,FALSE,1,10,2011,2,22,30,28,2,49,29.32600021,123,17.55500031,70,108,M,21
41977,1,4XE,2.299999952,FALSE,1,0,2011,2,22,31,28,2,49,28.00600052,123,18.78000069,60,85,M,20
41980,2,4XE,0.300000012,FALSE,1,3,2011,2,23,34,28,4,49,34.51399994,123,13.87300014,58,74,M,20
41986,2,4XE,2.099999905,FALSE,3,1,2011,2,24,40,28,3,49,28.22900009,123,27.63599968,80,100,M,18
41987,2,4XE,0.800000012,FALSE,1,1,2011,2,24,41,28,1,49,22.87999916,123,26.82900047,58,88,M,18
41988,2,4XE,1.899999976,FALSE,2,1,2011,2,24,42,28,1,49,23.22500038,123,27.27799988,72,98,M,19
41990,2,4XE,3.599999905,FALSE,2,1,2011,2,25,44,28,1,49,24.66600037,123,26.5,73,77,M,42
44426,1,4XE,0.25,FALSE,1,4,2011,11,16,34,28,4,49,34.50799942,123,13.86299992,62,73,M,19
44430,1,4XE,0.090000004,FALSE,,,2011,11,16,38,28,4,49,34.8429985,123,18.61800003,61,65,M,22
44432,2,4XE,0.280000001,FALSE,1,4,2011,11,17,40,28,1,49,24.3390007,123,25.78000069,68,74,M,17
44433,2,4XE,1.799999952,FALSE,1,1,2011,11,17,41,28,1,49,23.23999977,123,27.34499931,78,92,M,17
44434,2,4XE,0.949999988,FALSE,1,1,2011,11,17,42,28,1,49,22.81100082,123,26.95700073,65,80,M,17
44439,2,4XE,1.070000052,FALSE,2,2,2011,11,18,47,17,6,48,56.14899826,123,42.0019989,56,70,M,21
44641,2,4XE,3.359999895,FALSE,1,0,2012,2,17,3,28,2,49,20.62000084,123,18.04299927,55,72,M,22
44654,2,4XE,0.74000001,FALSE,1,1,2012,2,19,16,28,2,49,32.49700165,123,19.47299957,63,78,M,22
48673,1,4XE,0.409999996,FALSE,1,2,2013,11,3,35,28,3,49,26.85899925,123,26.78499985,61,92,M,23
48679,1,4XE,0.589999974,FALSE,1,2,2013,11,3,41,28,1,49,26.25499916,123,22.61300087,74,95,M,22
48687,1,4XE,0.119999997,FALSE,1,8,2013,11,5,49,28,1,49,24.63699913,123,26.47900009,69,74,M,23
48688,1,4XE,1.610000014,FALSE,2,1,2013,11,5,50,28,1,49,24.33300018,123,29.6989994,59,70,M,22
36687,1,4XE,0.159999996,FALSE,1,6,2009,11,3,4,28,2,49,29.31999969,123,17.58799934,72,95,M,19
36693,1,4XE,1.5,FALSE,1,1,2009,11,4,10,28,4,49,34.49499893,123,13.85400009,57,75,M,21
36702,1,4XE,0.5,FALSE,1,2,2009,11,5,19,28,2,49,27.99500084,123,18.78899956,60,78,M,20
36705,1,4XE,5,FALSE,4,1,2009,11,5,22,28,1,49,24.3010006,123,29.74099922,49,65,M,24
36711,1,4XE,1,FALSE,1,1,2009,11,6,29,28,2,49,23.12899971,123,15.86900043,73,84,M,16
36712,1,4XE,7.800000191,FALSE,4,1,2009,11,6,27,28,1,49,25.01399994,123,19.56599998,65,100,M,23
36718,1,4XE,0.600000024,FALSE,1,2,2009,11,7,35,28,1,49,26.8239994,123,22.24399948,63,84,M,24
36721,1,4XE,1.100000024,FALSE,1,1,2009,11,8,38,28,3,49,26.86300087,123,26.65600014,42,54,M,21
36725,1,4XE,3,FALSE,,,2009,11,8,42,28,1,49,24.30200005,123,25.73800087,68,85,M,21
36727,3,4XE,0.699999988,FALSE,,,2009,11,9,44,28,2,49,25.30999947,123,14.23799992,72,80,M,19
44657,4,4XE,1.159999967,FALSE,1,1,2012,2,20,19,28,3,49,31.69000053,123,24.03100014,57,65,M,22
44661,1,4XE,0.280000001,FALSE,1,4,2012,2,20,23,28,2,49,23.26799965,123,15.74499989,75,85,M,23
44664,1,4XE,0.439999998,FALSE,1,2,2012,2,21,26,28,4,49,34.73799896,123,18.78000069,58,75,M,24
44665,1,4XE,0.829999983,FALSE,1,1,2012,2,21,27,28,4,49,32.83499908,123,14.78600025,68,82,M,27
44668,1,4XE,1.74000001,FALSE,2,1,2012,2,21,30,28,1,49,24.33499908,123,29.70700073,63,76,M,15
44670,1,4XE,0.050000001,FALSE,,,2012,2,22,32,28,4,49,34.84500122,123,18.57900047,75,82,M,21
44671,1,4XE,0.389999986,FALSE,3,8,2012,2,22,33,28,4,49,34.5,123,13.85999966,63,75,M,23
44677,1,4XE,1.539999962,FALSE,1,1,2012,2,23,39,28,3,49,30.82500076,123,29.37299919,75,80,M,23
44678,1,4XE,4.539999962,FALSE,6,1,2012,2,23,40,28,3,49,28.21299934,123,27.58499908,75,95,M,21
44679,1,4XE,3.579999924,FALSE,4,1,2012,2,23,41,28,3,49,27.48800087,123,28.13100052,75,80,M,20
44680,1,4XE,2.140000105,FALSE,1,0,2012,2,23,42,28,1,49,24.29199982,123,25.72599983,63,80,M,18
44681,1,4XE,1.720000029,FALSE,2,1,2012,2,23,43,28,1,49,26.24600029,123,22.56500053,63,89,M,17
44683,1,4XE,2.380000114,FALSE,2,1,2012,2,24,45,28,1,49,23.24099922,123,27.31900024,75,95,M,22
44684,1,4XE,0.330000013,FALSE,1,3,2012,2,24,46,28,1,49,22.79999924,123,26.6760006,55,75,M,23
4501,3,4TA,,TRUE,4,,1976,9,7,16,12,28,,,,,14,15,F,24
4581,3,4TA,,TRUE,3,,1976,9,30,96,12,28,,,,,10,10,F,24
4518,3,4TA,,TRUE,5,,1976,9,11,33,12,28,,,,,32,33,F,18
49019,1,4XE,0.620000005,FALSE,2,3,2014,2,5,7,28,4,49,34.69400024,123,18.9470005,52,78,M,24
49040,1,4XE,0.170000002,FALSE,1,6,2014,2,10,28,28,1,49,26.23500061,123,20.77799988,71,90,M,49
49049,2,4XE,0.230000004,FALSE,1,4,2014,2,11,37,28,1,49,23.2689991,123,27.11000061,70,105,M,21
49056,1,4XE,0.430000007,FALSE,1,2,2014,2,12,44,28,1,49,24.42700005,123,25.92000008,75,85,M,21
64255,2,4XE,0.75,FALSE,1,1,2018,11,4,17,28,3,49,28.04800034,123,27.52099991,74,98,M,24
50804,3,4XE,0.74000001,FALSE,1,1,2014,11,12,41,28,1,49,24.34300041,123,25.80599976,72,83,M,25
59311,4,4XE,0.649999976,FALSE,1,2,2017,11,3,7,28,4,49,34.72000122,123,18.84199905,60,75,M,24
